time_value,PCR_Positive_Cases_by_Specimen_Date,Antigen_Positive_Cases_by_Specimen_Date,reinfect,cases,perc_reinfect
2020-03-02,1,0,0,1,0
2020-03-03,0,0,0,0,#DIV/0!
2020-03-04,1,0,0,1,0
2020-03-05,0,0,0,0,#DIV/0!
2020-03-06,0,0,0,0,#DIV/0!
2020-03-07,1,0,0,1,0
2020-03-08,4,0,0,4,0
2020-03-09,0,0,0,0,#DIV/0!
2020-03-10,5,0,0,5,0
2020-03-11,11,0,0,11,0
2020-03-12,15,0,0,15,0
2020-03-13,57,0,0,57,0
2020-03-14,9,0,0,9,0
2020-03-15,14,0,0,14,0
2020-03-16,103,0,0,103,0
2020-03-17,109,0,0,109,0
2020-03-18,152,0,0,152,0
2020-03-19,161,0,0,161,0
2020-03-20,164,0,0,164,0
2020-03-21,76,0,0,76,0
2020-03-22,72,0,0,72,0
2020-03-23,234,0,0,234,0
2020-03-24,176,1,0,177,0
2020-03-25,198,0,0,198,0
2020-03-26,197,0,0,197,0
2020-03-27,167,0,0,167,0
2020-03-28,99,0,0,99,0
2020-03-29,75,0,0,75,0
2020-03-30,210,0,0,210,0
2020-03-31,212,0,0,212,0
2020-04-01,239,0,0,239,0
2020-04-02,223,0,0,223,0
2020-04-03,203,0,0,203,0
2020-04-04,114,0,0,114,0
2020-04-05,86,0,0,86,0
2020-04-06,401,0,0,401,0
2020-04-07,264,0,0,264,0
2020-04-08,286,0,0,286,0
2020-04-09,327,0,0,327,0
2020-04-10,317,0,0,317,0
2020-04-11,172,0,0,172,0
2020-04-12,112,0,0,112,0
2020-04-13,283,0,0,283,0
2020-04-14,284,0,0,284,0
2020-04-15,376,0,0,376,0
2020-04-16,541,0,0,541,0
2020-04-17,259,0,0,259,0
2020-04-18,139,0,0,139,0
2020-04-19,121,0,0,121,0
2020-04-20,438,0,0,438,0
2020-04-21,463,0,0,463,0
2020-04-22,437,0,0,437,0
2020-04-23,508,0,0,508,0
2020-04-24,579,0,0,579,0
2020-04-25,255,0,0,255,0
2020-04-26,120,1,0,121,0
2020-04-27,559,0,0,559,0
2020-04-28,435,0,0,435,0
2020-04-29,436,0,0,436,0
2020-04-30,462,0,0,462,0
2020-05-01,451,0,1,451,0.22172949
2020-05-02,182,1,0,183,0
2020-05-03,173,0,0,173,0
2020-05-04,689,0,0,689,0
2020-05-05,554,0,0,554,0
2020-05-06,709,0,0,709,0
2020-05-07,618,0,0,618,0
2020-05-08,541,0,0,541,0
2020-05-09,193,0,0,193,0
2020-05-10,118,0,0,118,0
2020-05-11,765,0,0,765,0
2020-05-12,677,0,0,677,0
2020-05-13,711,0,0,711,0
2020-05-14,758,0,0,758,0
2020-05-15,705,0,0,705,0
2020-05-16,285,0,0,285,0
2020-05-17,193,0,0,193,0
2020-05-18,1064,0,0,1064,0
2020-05-19,964,1,0,965,0
2020-05-20,836,0,0,836,0
2020-05-21,861,0,0,861,0
2020-05-22,744,0,0,744,0
2020-05-23,340,0,0,340,0
2020-05-24,263,0,0,263,0
2020-05-25,369,0,0,369,0
2020-05-26,1365,0,0,1365,0
2020-05-27,994,1,0,995,0
2020-05-28,1015,0,0,1015,0
2020-05-29,1110,0,0,1110,0
2020-05-30,444,0,0,444,0
2020-05-31,332,0,0,332,0
2020-06-01,1507,0,0,1507,0
2020-06-02,1265,1,0,1266,0
2020-06-03,1436,0,0,1436,0
2020-06-04,1344,2,0,1346,0
2020-06-05,1318,2,0,1320,0
2020-06-06,482,0,0,482,0
2020-06-07,435,1,0,436,0
2020-06-08,1655,0,0,1655,0
2020-06-09,1546,0,0,1546,0
2020-06-10,1446,1,0,1447,0
2020-06-11,1428,1,0,1429,0
2020-06-12,1434,0,0,1434,0
2020-06-13,684,2,0,686,0
2020-06-14,545,0,0,545,0
2020-06-15,1690,0,0,1690,0
2020-06-16,1584,0,0,1584,0
2020-06-17,1710,1,0,1711,0
2020-06-18,1766,3,0,1769,0
2020-06-19,1611,5,0,1616,0
2020-06-20,758,0,0,758,0
2020-06-21,698,0,0,698,0
2020-06-22,2029,3,0,2032,0
2020-06-23,2083,5,0,2088,0
2020-06-24,1899,5,0,1904,0
2020-06-25,1948,5,0,1953,0
2020-06-26,1963,8,0,1971,0
2020-06-27,933,0,0,933,0
2020-06-28,1037,1,0,1038,0
2020-06-29,2507,13,0,2520,0
2020-06-30,2293,15,0,2308,0
2020-07-01,2058,11,0,2069,0
2020-07-02,2024,12,0,2036,0
2020-07-03,1343,9,0,1352,0
2020-07-04,581,8,0,589,0
2020-07-05,759,3,0,762,0
2020-07-06,2519,28,1,2547,0.039261877
2020-07-07,2793,22,0,2815,0
2020-07-08,2538,19,0,2557,0
2020-07-09,2156,22,0,2178,0
2020-07-10,2133,19,0,2152,0
2020-07-11,981,12,0,993,0
2020-07-12,858,5,0,863,0
2020-07-13,2461,32,0,2493,0
2020-07-14,2450,47,0,2497,0
2020-07-15,2225,36,0,2261,0
2020-07-16,2073,45,0,2118,0
2020-07-17,1928,29,0,1957,0
2020-07-18,959,4,0,963,0
2020-07-19,812,6,0,818,0
2020-07-20,2325,41,0,2366,0
2020-07-21,2264,68,0,2332,0
2020-07-22,2000,68,0,2068,0
2020-07-23,1819,55,0,1874,0
2020-07-24,1945,53,0,1998,0
2020-07-25,866,24,0,890,0
2020-07-26,703,16,0,719,0
2020-07-27,2110,64,0,2174,0
2020-07-28,1996,71,0,2067,0
2020-07-29,1824,78,0,1902,0
2020-07-30,1790,54,0,1844,0
2020-07-31,1706,46,0,1752,0
2020-08-01,771,11,0,782,0
2020-08-02,707,18,0,725,0
2020-08-03,1896,91,0,1987,0
2020-08-04,1535,53,0,1588,0
2020-08-05,1715,49,0,1764,0
2020-08-06,1466,77,0,1543,0
2020-08-07,1390,31,0,1421,0
2020-08-08,716,16,0,732,0
2020-08-09,584,14,0,598,0
2020-08-10,1718,72,0,1790,0
2020-08-11,1470,98,0,1568,0
2020-08-12,1502,78,0,1580,0
2020-08-13,1480,75,0,1555,0
2020-08-14,1535,50,0,1585,0
2020-08-15,755,29,0,784,0
2020-08-16,629,16,0,645,0
2020-08-17,1982,112,0,2094,0
2020-08-18,1964,83,0,2047,0
2020-08-19,1718,81,0,1799,0
2020-08-20,1716,78,0,1794,0
2020-08-21,1767,81,0,1848,0
2020-08-22,848,41,0,889,0
2020-08-23,774,20,0,794,0
2020-08-24,2178,137,0,2315,0
2020-08-25,2011,79,0,2090,0
2020-08-26,1742,78,0,1820,0
2020-08-27,1675,70,0,1745,0
2020-08-28,1539,80,0,1619,0
2020-08-29,837,36,0,873,0
2020-08-30,631,23,0,654,0
2020-08-31,1796,108,0,1904,0
2020-09-01,1613,107,0,1720,0
2020-09-02,1730,81,0,1811,0
2020-09-03,1528,81,0,1609,0
2020-09-04,1244,58,0,1302,0
2020-09-05,647,27,0,674,0
2020-09-06,607,29,0,636,0
2020-09-07,715,37,0,752,0
2020-09-08,1868,115,0,1983,0
2020-09-09,1515,104,0,1619,0
2020-09-10,1396,95,0,1491,0
2020-09-11,1253,82,0,1335,0
2020-09-12,661,32,0,693,0
2020-09-13,602,36,0,638,0
2020-09-14,1717,139,0,1856,0
2020-09-15,1487,116,0,1603,0
2020-09-16,1405,86,0,1491,0
2020-09-17,1277,105,0,1382,0
2020-09-18,1294,104,0,1398,0
2020-09-19,663,30,0,693,0
2020-09-20,583,33,0,616,0
2020-09-21,1730,149,0,1879,0
2020-09-22,1519,113,0,1632,0
2020-09-23,1457,109,0,1566,0
2020-09-24,1484,141,0,1625,0
2020-09-25,1216,129,0,1345,0
2020-09-26,764,48,0,812,0
2020-09-27,636,46,0,682,0
2020-09-28,2096,287,0,2383,0
2020-09-29,1797,182,0,1979,0
2020-09-30,1831,160,0,1991,0
2020-10-01,1813,178,0,1991,0
2020-10-02,1819,166,0,1985,0
2020-10-03,985,86,0,1071,0
2020-10-04,813,56,0,869,0
2020-10-05,2461,272,0,2733,0
2020-10-06,2059,229,0,2288,0
2020-10-07,1904,228,0,2132,0
2020-10-08,1993,201,0,2194,0
2020-10-09,1803,184,0,1987,0
2020-10-10,929,90,0,1019,0
2020-10-11,893,72,0,965,0
2020-10-12,2646,297,0,2943,0
2020-10-13,2372,271,0,2643,0
2020-10-14,2108,229,0,2337,0
2020-10-15,2096,267,0,2363,0
2020-10-16,2038,216,0,2254,0
2020-10-17,938,105,0,1043,0
2020-10-18,838,82,0,920,0
2020-10-19,2767,323,0,3090,0
2020-10-20,2447,268,0,2715,0
2020-10-21,2463,224,0,2687,0
2020-10-22,2138,269,0,2407,0
2020-10-23,2195,242,1,2437,0.041034058
2020-10-24,1069,113,0,1182,0
2020-10-25,905,90,0,995,0
2020-10-26,2974,324,0,3298,0
2020-10-27,2427,243,0,2670,0
2020-10-28,2442,263,0,2705,0
2020-10-29,1980,252,0,2232,0
2020-10-30,2241,206,0,2447,0
2020-10-31,1069,94,0,1163,0
2020-11-01,929,72,0,1001,0
2020-11-02,3102,379,0,3481,0
2020-11-03,2637,269,0,2906,0
2020-11-04,2591,235,0,2826,0
2020-11-05,2571,261,0,2832,0
2020-11-06,2391,264,0,2655,0
2020-11-07,1489,140,0,1629,0
2020-11-08,1374,129,0,1503,0
2020-11-09,4070,481,0,4551,0
2020-11-10,3409,361,0,3770,0
2020-11-11,3032,414,0,3446,0
2020-11-12,3226,451,0,3677,0
2020-11-13,3430,448,0,3878,0
2020-11-14,1792,181,0,1973,0
2020-11-15,1512,200,0,1712,0
2020-11-16,4657,644,1,5301,0.018864365
2020-11-17,4056,504,0,4560,0
2020-11-18,3489,461,0,3950,0
2020-11-19,3443,464,0,3907,0
2020-11-20,3336,420,0,3756,0
2020-11-21,1788,251,0,2039,0
2020-11-22,1462,234,0,1696,0
2020-11-23,5029,839,0,5868,0
2020-11-24,4146,627,0,4773,0
2020-11-25,3922,626,0,4548,0
2020-11-26,666,93,0,759,0
2020-11-27,3381,492,0,3873,0
2020-11-28,2657,377,0,3034,0
2020-11-29,2368,307,0,2675,0
2020-11-30,7289,1055,0,8344,0
2020-12-01,6304,888,0,7192,0
2020-12-02,5735,794,0,6529,0
2020-12-03,5479,695,0,6174,0
2020-12-04,5251,800,0,6051,0
2020-12-05,3021,421,0,3442,0
2020-12-06,2145,361,0,2506,0
2020-12-07,7217,1120,0,8337,0
2020-12-08,6086,788,0,6874,0
2020-12-09,5697,882,0,6579,0
2020-12-10,5589,970,0,6559,0
2020-12-11,5603,906,0,6509,0
2020-12-12,3079,485,0,3564,0
2020-12-13,2550,476,0,3026,0
2020-12-14,7531,1382,0,8913,0
2020-12-15,6727,1070,1,7797,0.012825446
2020-12-16,5456,986,0,6442,0
2020-12-17,6305,1100,0,7405,0
2020-12-18,5798,1052,1,6850,0.01459854
2020-12-19,3159,623,0,3782,0
2020-12-20,2378,568,0,2946,0
2020-12-21,7654,1556,0,9210,0
2020-12-22,5677,1199,0,6876,0
2020-12-23,5924,1207,0,7131,0
2020-12-24,3442,639,1,4081,0.024503798
2020-12-25,730,222,0,952,0
2020-12-26,3926,902,0,4828,0
2020-12-27,3381,772,0,4153,0
2020-12-28,10113,1954,1,12067,0.008287064
2020-12-29,9120,1855,0,10975,0
2020-12-30,8839,1666,0,10505,0
2020-12-31,7491,1428,2,8919,0.022424039
2021-01-01,2688,666,0,3354,0
2021-01-02,5430,1238,2,6668,0.029994001
2021-01-03,3978,1075,0,5053,0
2021-01-04,12409,2529,0,14938,0
2021-01-05,9691,1899,0,11590,0
2021-01-06,8464,1625,1,10089,0.009911785
2021-01-07,7713,1571,3,9284,0.032313658
2021-01-08,6103,1215,0,7318,0
2021-01-09,3857,782,0,4639,0
2021-01-10,3141,731,0,3872,0
2021-01-11,8799,1936,2,10735,0.018630647
2021-01-12,7092,1303,0,8395,0
2021-01-13,6571,1205,0,7776,0
2021-01-14,6258,1220,0,7478,0
2021-01-15,5598,1072,0,6670,0
2021-01-16,3279,590,0,3869,0
2021-01-17,2559,597,0,3156,0
2021-01-18,5885,1411,1,7296,0.01370614
2021-01-19,6177,1300,0,7477,0
2021-01-20,5555,1035,0,6590,0
2021-01-21,5089,1151,0,6240,0
2021-01-22,4912,1062,0,5974,0
2021-01-23,2840,597,0,3437,0
2021-01-24,2153,619,0,2772,0
2021-01-25,5988,1333,0,7321,0
2021-01-26,4942,1095,0,6037,0
2021-01-27,4494,915,0,5409,0
2021-01-28,3963,850,0,4813,0
2021-01-29,3973,863,0,4836,0
2021-01-30,2108,567,1,2675,0.037383178
2021-01-31,1593,525,0,2118,0
2021-02-01,4826,1192,0,6018,0
2021-02-02,3815,887,0,4702,0
2021-02-03,3589,813,1,4402,0.022716947
2021-02-04,3325,824,0,4149,0
2021-02-05,3260,698,0,3958,0
2021-02-06,1841,441,1,2282,0.043821209
2021-02-07,1434,382,0,1816,0
2021-02-08,3860,936,0,4796,0
2021-02-09,3012,751,0,3763,0
2021-02-10,2885,656,0,3541,0
2021-02-11,2597,674,0,3271,0
2021-02-12,2401,630,0,3031,0
2021-02-13,1296,350,0,1646,0
2021-02-14,1116,343,0,1459,0
2021-02-15,2877,753,0,3630,0
2021-02-16,2474,648,1,3122,0.03203075
2021-02-17,2250,605,0,2855,0
2021-02-18,1607,494,1,2101,0.047596383
2021-02-19,2109,518,0,2627,0
2021-02-20,1185,344,0,1529,0
2021-02-21,963,318,0,1281,0
2021-02-22,2443,719,0,3162,0
2021-02-23,1998,466,0,2464,0
2021-02-24,1769,449,0,2218,0
2021-02-25,1549,514,0,2063,0
2021-02-26,1462,377,0,1839,0
2021-02-27,907,253,0,1160,0
2021-02-28,732,235,0,967,0
2021-03-01,1937,564,0,2501,0
2021-03-02,1578,478,0,2056,0
2021-03-03,1401,454,0,1855,0
2021-03-04,1224,431,0,1655,0
2021-03-05,1159,415,0,1574,0
2021-03-06,690,258,0,948,0
2021-03-07,579,270,0,849,0
2021-03-08,1656,519,0,2175,0
2021-03-09,1185,390,0,1575,0
2021-03-10,1355,444,0,1799,0
2021-03-11,1169,414,2,1583,0.126342388
2021-03-12,1201,419,0,1620,0
2021-03-13,794,298,0,1092,0
2021-03-14,680,273,0,953,0
2021-03-15,1653,538,0,2191,0
2021-03-16,1349,415,0,1764,0
2021-03-17,1535,418,0,1953,0
2021-03-18,1123,430,0,1553,0
2021-03-19,1274,369,1,1643,0.060864273
2021-03-20,763,252,0,1015,0
2021-03-21,711,246,1,957,0.104493208
2021-03-22,1746,563,0,2309,0
2021-03-23,1459,504,0,1963,0
2021-03-24,1534,460,0,1994,0
2021-03-25,1386,501,0,1887,0
2021-03-26,1262,455,0,1717,0
2021-03-27,756,314,0,1070,0
2021-03-28,718,249,0,967,0
2021-03-29,1702,543,0,2245,0
2021-03-30,1427,478,0,1905,0
2021-03-31,1456,445,0,1901,0
2021-04-01,1354,420,1,1774,0.056369786
2021-04-02,959,372,0,1331,0
2021-04-03,731,269,0,1000,0
2021-04-04,603,81,0,684,0
2021-04-05,1664,515,0,2179,0
2021-04-06,1570,482,0,2052,0
2021-04-07,1576,483,0,2059,0
2021-04-08,1466,484,0,1950,0
2021-04-09,1528,467,0,1995,0
2021-04-10,868,300,0,1168,0
2021-04-11,849,358,0,1207,0
2021-04-12,2038,661,0,2699,0
2021-04-13,1837,520,0,2357,0
2021-04-14,1795,481,0,2276,0
2021-04-15,1659,416,0,2075,0
2021-04-16,1456,471,0,1927,0
2021-04-17,841,279,0,1120,0
2021-04-18,773,274,0,1047,0
2021-04-19,1909,567,0,2476,0
2021-04-20,1602,463,0,2065,0
2021-04-21,1600,442,0,2042,0
2021-04-22,1326,414,0,1740,0
2021-04-23,1235,356,0,1591,0
2021-04-24,764,235,0,999,0
2021-04-25,727,246,0,973,0
2021-04-26,1737,565,0,2302,0
2021-04-27,1483,441,0,1924,0
2021-04-28,1350,416,0,1766,0
2021-04-29,1295,409,0,1704,0
2021-04-30,1185,353,0,1538,0
2021-05-01,678,213,0,891,0
2021-05-02,632,212,0,844,0
2021-05-03,1468,454,1,1922,0.052029136
2021-05-04,1222,369,0,1591,0
2021-05-05,1218,360,0,1578,0
2021-05-06,1134,289,0,1423,0
2021-05-07,958,258,0,1216,0
2021-05-08,503,182,0,685,0
2021-05-09,414,160,0,574,0
2021-05-10,1168,350,0,1518,0
2021-05-11,931,286,0,1217,0
2021-05-12,831,250,0,1081,0
2021-05-13,808,214,0,1022,0
2021-05-14,743,235,0,978,0
2021-05-15,410,125,0,535,0
2021-05-16,369,128,1,497,0.201207243
2021-05-17,939,284,0,1223,0
2021-05-18,805,211,0,1016,0
2021-05-19,718,210,0,928,0
2021-05-20,700,221,0,921,0
2021-05-21,557,165,0,722,0
2021-05-22,343,97,0,440,0
2021-05-23,313,126,0,439,0
2021-05-24,712,243,0,955,0
2021-05-25,626,190,0,816,0
2021-05-26,497,169,0,666,0
2021-05-27,477,136,0,613,0
2021-05-28,421,150,0,571,0
2021-05-29,227,75,0,302,0
2021-05-30,194,82,0,276,0
2021-05-31,175,42,0,217,0
2021-06-01,599,214,0,813,0
2021-06-02,404,136,0,540,0
2021-06-03,351,155,0,506,0
2021-06-04,354,111,1,465,0.215053763
2021-06-05,215,74,0,289,0
2021-06-06,179,58,0,237,0
2021-06-07,368,121,0,489,0
2021-06-08,347,111,0,458,0
2021-06-09,308,130,0,438,0
2021-06-10,310,109,0,419,0
2021-06-11,267,90,0,357,0
2021-06-12,174,48,0,222,0
2021-06-13,174,68,0,242,0
2021-06-14,377,132,0,509,0
2021-06-15,310,117,0,427,0
2021-06-16,352,127,0,479,0
2021-06-17,276,106,0,382,0
2021-06-18,267,97,0,364,0
2021-06-19,169,58,0,227,0
2021-06-20,154,48,0,202,0
2021-06-21,321,150,0,471,0
2021-06-22,285,104,0,389,0
2021-06-23,302,118,0,420,0
2021-06-24,273,105,0,378,0
2021-06-25,312,96,0,408,0
2021-06-26,183,65,0,248,0
2021-06-27,177,61,0,238,0
2021-06-28,388,135,0,523,0
2021-06-29,372,117,0,489,0
2021-06-30,325,147,0,472,0
2021-07-01,393,147,0,540,0
2021-07-02,372,140,0,512,0
2021-07-03,296,90,0,386,0
2021-07-04,170,28,0,198,0
2021-07-05,429,174,0,603,0
2021-07-06,596,249,0,845,0
2021-07-07,541,186,0,727,0
2021-07-08,585,177,0,762,0
2021-07-09,610,222,0,832,0
2021-07-10,461,123,0,584,0
2021-07-11,484,133,0,617,0
2021-07-12,876,340,0,1216,0
2021-07-13,856,320,1,1176,0.085034014
2021-07-14,882,284,1,1166,0.085763293
2021-07-15,838,296,0,1134,0
2021-07-16,998,321,0,1319,0
2021-07-17,689,156,0,845,0
2021-07-18,741,183,1,924,0.108225108
2021-07-19,1532,507,0,2039,0
2021-07-20,1465,444,0,1909,0
2021-07-21,1643,458,0,2101,0
2021-07-22,1846,473,0,2319,0
2021-07-23,1680,451,0,2131,0
2021-07-24,1360,229,0,1589,0
2021-07-25,1469,236,0,1705,0
2021-07-26,3009,852,0,3861,0
2021-07-27,2764,669,0,3433,0
2021-07-28,2810,688,0,3498,0
2021-07-29,3044,802,0,3846,0
2021-07-30,2915,635,2,3550,0.056338028
2021-07-31,2167,329,0,2496,0
2021-08-01,1977,325,0,2302,0
2021-08-02,4221,975,1,5196,0.019245574
2021-08-03,3922,845,0,4767,0
2021-08-04,3911,923,0,4834,0
2021-08-05,4108,973,0,5081,0
2021-08-06,3917,840,1,4757,0.021021652
2021-08-07,2495,448,0,2943,0
2021-08-08,2480,457,0,2937,0
2021-08-09,5745,1287,4,7032,0.056882821
2021-08-10,5114,1148,0,6262,0
2021-08-11,4952,1146,0,6098,0
2021-08-12,4913,1148,0,6061,0
2021-08-13,4892,938,1,5830,0.017152659
2021-08-14,2822,480,1,3302,0.030284676
2021-08-15,2639,492,0,3131,0
2021-08-16,6693,1384,0,8077,0
2021-08-17,5561,1132,3,6693,0.044822949
2021-08-18,5921,1158,1,7079,0.014126289
2021-08-19,5887,1082,2,6969,0.028698522
2021-08-20,5816,1040,3,6856,0.043757293
2021-08-21,3438,538,1,3976,0.025150905
2021-08-22,3010,498,0,3508,0
2021-08-23,8193,1708,2,9901,0.02019998
2021-08-24,6934,1390,1,8324,0.012013455
2021-08-25,6955,1336,3,8291,0.036183814
2021-08-26,6563,1299,3,7862,0.038158229
2021-08-27,6412,1135,3,7547,0.039750894
2021-08-28,3875,529,0,4404,0
2021-08-29,2974,508,0,3482,0
2021-08-30,8382,1825,1,10207,0.009797198
2021-08-31,7421,1506,0,8927,0
2021-09-01,6782,1361,1,8143,0.012280486
2021-09-02,6791,1296,1,8087,0.012365525
2021-09-03,6157,1038,0,7195,0
2021-09-04,3496,485,1,3981,0.025119317
2021-09-05,2914,478,0,3392,0
2021-09-06,2625,597,0,3222,0
2021-09-07,9502,1838,1,11340,0.008818342
2021-09-08,8055,1549,0,9604,0
2021-09-09,6564,1352,0,7916,0
2021-09-10,5947,1187,0,7134,0
2021-09-11,3191,573,1,3764,0.026567481
2021-09-12,2623,451,0,3074,0
2021-09-13,7617,1662,2,9279,0.021554047
2021-09-14,6154,1165,2,7319,0.027326137
2021-09-15,5513,1122,2,6635,0.03014318
2021-09-16,5164,1104,1,6268,0.015954052
2021-09-17,4769,898,0,5667,0
2021-09-18,2471,444,0,2915,0
2021-09-19,2099,344,0,2443,0
2021-09-20,6181,1248,0,7429,0
2021-09-21,4847,964,0,5811,0
2021-09-22,4263,896,0,5159,0
2021-09-23,4035,849,3,4884,0.061425061
2021-09-24,3752,743,4,4495,0.088987764
2021-09-25,2057,329,0,2386,0
2021-09-26,1796,323,0,2119,0
2021-09-27,4788,1122,2,5910,0.033840948
2021-09-28,3898,806,0,4704,0
2021-09-29,3668,730,0,4398,0
2021-09-30,3188,695,0,3883,0
2021-10-01,3082,673,81,3755,2.157123835
2021-10-02,1675,323,42,1998,2.102102102
2021-10-03,1426,259,26,1685,1.543026706
2021-10-04,3988,954,100,4942,2.023472278
2021-10-05,3074,794,72,3868,1.861427094
2021-10-06,2974,715,95,3689,2.575223638
2021-10-07,2628,545,77,3173,2.426725496
2021-10-08,2420,496,70,2916,2.400548697
2021-10-09,1331,219,24,1550,1.548387097
2021-10-10,1188,217,21,1405,1.494661922
2021-10-11,3081,744,76,3825,1.986928105
2021-10-12,2467,615,89,3082,2.887735237
2021-10-13,2215,594,80,2809,2.847988608
2021-10-14,2029,579,69,2608,2.645705521
2021-10-15,1772,411,60,2183,2.748511223
2021-10-16,1090,205,30,1295,2.316602317
2021-10-17,852,185,25,1037,2.410800386
2021-10-18,2200,585,62,2785,2.226211849
2021-10-19,1770,455,51,2225,2.292134831
2021-10-20,1641,447,46,2088,2.203065134
2021-10-21,1611,397,41,2008,2.041832669
2021-10-22,1505,360,38,1865,2.037533512
2021-10-23,932,207,24,1139,2.107111501
2021-10-24,710,185,14,895,1.56424581
2021-10-25,2018,573,46,2591,1.775376303
2021-10-26,1714,445,52,2159,2.408522464
2021-10-27,1458,407,50,1865,2.680965147
2021-10-28,1365,359,29,1724,1.682134571
2021-10-29,1337,302,26,1639,1.58633313
2021-10-30,777,162,19,939,2.02342918
2021-10-31,643,155,12,798,1.503759398
2021-11-01,1720,528,52,2248,2.31316726
2021-11-02,1514,433,57,1947,2.927580894
2021-11-03,1443,402,44,1845,2.384823848
2021-11-04,1310,331,27,1641,1.645338208
2021-11-05,1316,322,28,1638,1.709401709
2021-11-06,745,154,11,899,1.223581758
2021-11-07,749,223,24,972,2.469135802
2021-11-08,1847,565,59,2412,2.446102819
2021-11-09,1640,397,51,2037,2.503681885
2021-11-10,1603,441,53,2044,2.59295499
2021-11-11,1211,361,47,1572,2.989821883
2021-11-12,1648,352,41,2000,2.05
2021-11-13,999,197,15,1196,1.254180602
2021-11-14,814,156,12,970,1.237113402
2021-11-15,2165,672,70,2837,2.467395136
2021-11-16,1760,512,55,2272,2.420774648
2021-11-17,1765,474,63,2239,2.813756141
2021-11-18,1761,441,51,2202,2.316076294
2021-11-19,1636,381,43,2017,2.131879028
2021-11-20,1005,224,25,1229,2.034174125
2021-11-21,887,203,21,1090,1.926605505
2021-11-22,2106,588,77,2694,2.858203415
2021-11-23,1867,466,46,2333,1.971710244
2021-11-24,1671,433,37,2104,1.758555133
2021-11-25,286,93,17,379,4.485488127
2021-11-26,1610,395,32,2005,1.596009975
2021-11-27,1247,300,32,1547,2.068519716
2021-11-28,1306,298,37,1604,2.306733167
2021-11-29,3446,946,111,4392,2.527322404
2021-11-30,2942,754,76,3696,2.056277056
2021-12-01,2809,762,76,3571,2.128255391
2021-12-02,2656,709,66,3365,1.961367013
2021-12-03,2554,599,61,3153,1.934665398
2021-12-04,1569,370,34,1939,1.753481176
2021-12-05,1378,372,36,1750,2.057142857
2021-12-06,3487,976,120,4463,2.688774367
2021-12-07,2893,850,92,3743,2.457921453
2021-12-08,2769,834,95,3603,2.636691646
2021-12-09,2646,753,84,3399,2.471315093
2021-12-10,2490,612,72,3102,2.321083172
2021-12-11,1642,348,50,1990,2.512562814
2021-12-12,1377,316,49,1693,2.894270526
2021-12-13,3576,1040,115,4616,2.491334489
2021-12-14,3248,859,130,4107,3.16532749
2021-12-15,3300,924,131,4224,3.101325758
2021-12-16,3362,920,144,4282,3.362914526
2021-12-17,3498,789,149,4287,3.475623979
2021-12-18,2409,471,88,2880,3.055555556
2021-12-19,2089,490,97,2579,3.761147732
2021-12-20,5692,1106,290,6798,4.265960577
2021-12-21,6170,1227,383,7397,5.177774774
2021-12-22,6889,1305,491,8194,5.992189407
2021-12-23,7521,1469,564,8990,6.273637375
2021-12-24,3751,909,273,4660,5.858369099
2021-12-25,1696,276,106,1972,5.37525355
2021-12-26,5167,1043,353,6210,5.684380032
2021-12-27,16658,3074,1367,19732,6.927832962
2021-12-28,20497,3317,1799,23814,7.554379777
2021-12-29,21403,3958,1981,25361,7.811206183
2021-12-30,21325,4635,2170,25960,8.359013867
2021-12-31,12531,2858,1192,15389,7.745792449
2022-01-01,6978,1392,600,8370,7.168458781
2022-01-02,9186,2126,849,11312,7.505304102
2022-01-03,26598,5724,2685,32322,8.307035456
2022-01-04,32959,5983,3302,38942,8.479276873
2022-01-05,31636,5738,3152,37374,8.433670466
2022-01-06,29751,5611,3115,35362,8.8088909
2022-01-07,25356,4771,2537,30127,8.421017692
2022-01-08,14178,2221,1255,16399,7.652905665
2022-01-09,10904,2234,1052,13138,8.007307048
2022-01-10,38539,8361,3978,46900,8.481876333
2022-01-11,36169,7038,3604,43207,8.341241003
2022-01-12,34650,6862,3431,41512,8.265079977
2022-01-13,32127,6480,3203,38607,8.296422928
2022-01-14,29431,5725,2791,35156,7.938900899
2022-01-15,14692,2635,1224,17327,7.064119582
2022-01-16,3502,825,340,4327,7.857638086
2022-01-17,16496,4167,1664,20663,8.053041669
2022-01-18,34707,7224,3234,41931,7.712670816
2022-01-19,32794,6487,3191,39281,8.123520277
2022-01-20,26922,5827,2658,32749,8.11627836
2022-01-21,12943,3111,1233,16054,7.68032889
2022-01-22,5430,1162,472,6592,7.160194175
2022-01-23,7592,1757,662,9349,7.080971227
2022-01-24,26580,5996,2501,32576,7.677431238
2022-01-25,19119,4457,1664,23576,7.05802511
2022-01-26,16153,3550,1513,19703,7.67903365
2022-01-27,13493,2893,1286,16386,7.848163066
2022-01-28,11563,2493,1046,14056,7.441661924
2022-01-29,4132,912,350,5044,6.938937351
2022-01-30,4294,1038,373,5332,6.995498875
2022-01-31,13304,3453,1455,16757,8.682938473
2022-02-01,9819,2457,1024,12276,8.341479309
2022-02-02,8723,2112,837,10835,7.72496539
2022-02-03,7541,1828,804,9369,8.581492155
2022-02-04,6744,1578,655,8322,7.870704158
2022-02-05,3427,656,290,4083,7.102620622
2022-02-06,2705,633,256,3338,7.669263032
2022-02-07,7044,2099,801,9143,8.760800612
2022-02-08,5449,1581,588,7030,8.364153627
2022-02-09,4849,1323,531,6172,8.603370058
2022-02-10,4213,1187,487,5400,9.018518519
2022-02-11,3605,912,351,4517,7.770644233
2022-02-12,1904,430,173,2334,7.412167952
2022-02-13,1488,405,149,1893,7.871104068
2022-02-14,3834,1155,431,4989,8.639005813
2022-02-15,2974,881,337,3855,8.741893645
2022-02-16,2948,738,274,3686,7.433532284
2022-02-17,2421,665,261,3086,8.457550227
2022-02-18,2120,533,206,2653,7.764794572
2022-02-19,1090,334,107,1424,7.514044944
2022-02-20,888,290,79,1178,6.706281834
2022-02-21,2259,726,273,2985,9.145728643
2022-02-22,1886,486,213,2372,8.979763912
2022-02-23,1541,426,160,1967,8.13421454
2022-02-24,1267,376,140,1643,8.520998174
2022-02-25,1161,274,109,1435,7.595818815
2022-02-26,583,136,58,719,8.066759388
2022-02-27,448,139,44,587,7.495741056
2022-02-28,1227,372,115,1599,7.191994997
2022-03-01,895,257,95,1152,8.246527778
2022-03-02,857,238,100,1095,9.132420091
2022-03-03,783,216,91,999,9.109109109
2022-03-04,623,135,48,758,6.332453826
2022-03-05,332,78,29,410,7.073170732
2022-03-06,275,87,26,362,7.182320442
2022-03-07,743,180,81,923,8.775731311
2022-03-08,529,149,56,678,8.259587021
2022-03-09,524,140,52,664,7.831325301
2022-03-10,424,121,42,545,7.706422018
2022-03-11,386,101,34,487,6.981519507
2022-03-12,231,58,23,289,7.958477509
2022-03-13,182,59,14,241,5.809128631
2022-03-14,543,127,65,670,9.701492537
2022-03-15,420,82,45,502,8.964143426
2022-03-16,412,91,33,503,6.560636183
2022-03-17,380,114,37,494,7.489878543
2022-03-18,310,71,23,381,6.036745407
2022-03-19,176,40,12,216,5.555555556
2022-03-20,158,50,11,208,5.288461538
2022-03-21,452,127,45,579,7.772020725
2022-03-22,372,99,41,471,8.704883227
2022-03-23,423,114,41,537,7.635009311
2022-03-24,323,108,46,431,10.67285383
2022-03-25,310,65,22,375,5.866666667
2022-03-26,197,45,21,242,8.67768595
2022-03-27,170,62,21,232,9.051724138
2022-03-28,406,116,35,522,6.704980843
2022-03-29,440,113,49,553,8.860759494
2022-03-30,425,117,41,542,7.564575646
2022-03-31,411,126,50,537,9.310986965
2022-04-01,351,89,27,440,6.136363636
2022-04-02,230,48,21,278,7.553956835
2022-04-03,227,52,19,279,6.810035842
2022-04-04,556,180,62,736,8.423913043
2022-04-05,597,143,62,740,8.378378378
2022-04-06,672,169,62,841,7.372175981
2022-04-07,696,165,87,861,10.10452962
2022-04-08,780,149,73,929,7.857911733
2022-04-09,469,81,36,550,6.545454545
2022-04-10,383,87,35,470,7.446808511
2022-04-11,1053,240,102,1293,7.88863109
2022-04-12,1041,224,93,1265,7.351778656
2022-04-13,1217,305,118,1522,7.752956636
2022-04-14,1116,269,143,1385,10.32490975
2022-04-15,791,177,85,968,8.780991736
2022-04-16,636,137,52,773,6.727037516
2022-04-17,391,74,39,465,8.387096774
2022-04-18,1498,389,184,1887,9.750927398
2022-04-19,1360,350,173,1710,10.11695906
2022-04-20,1402,347,155,1749,8.862206975
2022-04-21,1344,352,170,1696,10.02358491
2022-04-22,1249,225,105,1474,7.123473541
2022-04-23,837,200,78,1037,7.521697203
2022-04-24,816,212,91,1028,8.852140078
2022-04-25,1947,531,235,2478,9.483454399
2022-04-26,1743,449,195,2192,8.895985401
2022-04-27,1872,393,193,2265,8.520971302
2022-04-28,1571,376,172,1947,8.834103749
2022-04-29,1542,391,151,1933,7.811691671
2022-04-30,1031,247,93,1278,7.276995305
2022-05-01,964,212,97,1176,8.24829932
2022-05-02,2514,678,302,3192,9.461152882
2022-05-03,2387,618,276,3005,9.18469218
2022-05-04,2454,640,256,3094,8.274078862
2022-05-05,2267,639,291,2906,10.01376462
2022-05-06,2037,516,223,2553,8.734821778
2022-05-07,1474,303,143,1777,8.047270681
2022-05-08,1300,323,118,1623,7.270486753
2022-05-09,3409,838,446,4247,10.50153049
2022-05-10,3200,761,356,3961,8.987629387
2022-05-11,3218,732,400,3950,10.12658228
2022-05-12,3172,775,370,3947,9.374208259
2022-05-13,3084,724,338,3808,8.87605042
2022-05-14,2111,384,204,2495,8.176352705
2022-05-15,1838,435,199,2273,8.754949406
2022-05-16,4180,1136,534,5316,10.04514673
2022-05-17,3968,979,493,4947,9.965635739
2022-05-18,4112,967,516,5079,10.15948021
2022-05-19,3831,967,492,4798,10.25427261
2022-05-20,3197,805,426,4002,10.64467766
2022-05-21,1999,446,216,2445,8.834355828
2022-05-22,1947,458,212,2405,8.814968815
2022-05-23,4288,1232,585,5520,10.59782609
2022-05-24,3834,964,499,4798,10.40016674
2022-05-25,3703,986,493,4689,10.51396886
2022-05-26,3412,958,435,4370,9.95423341
2022-05-27,2989,800,416,3789,10.97915017
2022-05-28,2012,508,224,2520,8.888888889
2022-05-29,1888,460,221,2348,9.412265758
2022-05-30,1300,524,212,1824,11.62280702
2022-05-31,5178,1268,733,6446,11.37139311
2022-06-01,4184,998,602,5182,11.61713624
2022-06-02,3637,929,500,4566,10.95050372
2022-06-03,2870,793,422,3663,11.52061152
2022-06-04,1828,478,238,2306,10.32090199
2022-06-05,1788,390,228,2178,10.46831956
2022-06-06,3810,1083,580,4893,11.85366851
2022-06-07,3318,855,486,4173,11.64629763
2022-06-08,3230,804,466,4034,11.55180962
2022-06-09,2913,811,439,3724,11.78839957
2022-06-10,2692,660,392,3352,11.69451074
2022-06-11,1683,400,246,2083,11.80988958
2022-06-12,1652,392,251,2044,12.27984344
2022-06-13,3311,1048,552,4359,12.66345492
2022-06-14,3061,806,529,3867,13.67985518
2022-06-15,3066,828,486,3894,12.4807396
2022-06-16,2877,785,479,3662,13.080284
2022-06-17,2675,610,406,3285,12.35920852
2022-06-18,1702,412,219,2114,10.35950804
2022-06-19,1528,426,220,1954,11.25895599
2022-06-20,3246,1035,575,4281,13.43144125
2022-06-21,3285,933,534,4218,12.66002845
2022-06-22,3224,844,518,4068,12.73352999
2022-06-23,2968,869,542,3837,14.12561897
2022-06-24,2835,797,541,3632,14.89537445
2022-06-25,1756,513,289,2269,12.7368885
2022-06-26,1732,501,285,2233,12.76309897
2022-06-27,3782,1231,703,5013,14.0235388
2022-06-28,3498,1014,617,4512,13.67464539
2022-06-29,3592,962,666,4554,14.62450593
2022-06-30,3264,971,617,4235,14.5690673
2022-07-01,2995,824,505,3819,13.2233569
2022-07-02,1774,527,306,2301,13.29856584
2022-07-03,1727,473,270,2200,12.27272727
2022-07-04,1247,570,284,1817,15.6301596
2022-07-05,4494,1456,855,5950,14.3697479
2022-07-06,3949,1146,737,5095,14.46516192
2022-07-07,3698,1151,694,4849,14.31222933
2022-07-08,3328,973,647,4301,15.04301325
2022-07-09,2146,519,366,2665,13.73358349
2022-07-10,2083,549,372,2632,14.1337386
2022-07-11,4304,1441,898,5745,15.63098346
2022-07-12,3902,1111,728,5013,14.52224217
2022-07-13,3612,1084,722,4696,15.37478705
2022-07-14,3596,1083,707,4679,15.11006625
2022-07-15,3252,987,613,4239,14.46095777
2022-07-16,2257,585,407,2842,14.32090077
2022-07-17,2254,646,431,2900,14.86206897
2022-07-18,5021,1557,1059,6578,16.09911827
2022-07-19,4523,1246,928,5769,16.08597677
2022-07-20,4396,1300,887,5696,15.57233146
2022-07-21,3990,1339,822,5329,15.42503284
2022-07-22,3827,1149,738,4976,14.83118971
2022-07-23,2604,625,469,3229,14.52462063
2022-07-24,2426,643,445,3069,14.49983708
2022-07-25,5210,1701,1202,6911,17.39256258
2022-07-26,4410,1286,937,5696,16.45014045
2022-07-27,4519,1181,907,5700,15.9122807
2022-07-28,3954,1234,856,5188,16.49961449
2022-07-29,3606,1046,767,4652,16.48753224
2022-07-30,2411,622,418,3033,13.78173426
2022-07-31,2399,580,473,2979,15.87781135
2022-08-01,4675,1504,1090,6179,17.64039489
2022-08-02,4210,1168,864,5378,16.06545184
2022-08-03,4071,1158,829,5229,15.85389176
2022-08-04,3821,1064,835,4885,17.09314227
2022-08-05,3360,810,638,4170,15.29976019
2022-08-06,2117,542,398,2659,14.9680331
2022-08-07,2065,577,399,2642,15.10219531
2022-08-08,4227,1328,952,5555,17.13771377
2022-08-09,3869,1026,800,4895,16.34320735
2022-08-10,3614,952,772,4566,16.90757775
2022-08-11,3269,901,712,4170,17.07434053
2022-08-12,2748,773,588,3521,16.69980119
2022-08-13,1896,445,397,2341,16.95856472
2022-08-14,1668,459,326,2127,15.32675129
2022-08-15,3283,1123,771,4406,17.49886518
2022-08-16,3075,801,636,3876,16.40866873
2022-08-17,3064,783,658,3847,17.10423707
2022-08-18,2636,784,600,3420,17.54385965
2022-08-19,2455,719,501,3174,15.78449905
2022-08-20,1552,390,264,1942,13.59423275
2022-08-21,1559,376,273,1935,14.10852713
2022-08-22,3359,1133,766,4492,17.05253785
2022-08-23,2781,860,593,3641,16.28673441
2022-08-24,2917,848,599,3765,15.90969456
2022-08-25,2594,826,573,3420,16.75438596
2022-08-26,2286,619,457,2905,15.73149742
2022-08-27,1502,362,294,1864,15.77253219
2022-08-28,1573,414,310,1987,15.60140916
2022-08-29,3157,1083,739,4240,17.42924528
2022-08-30,2712,929,623,3641,17.11068388
2022-08-31,2742,844,628,3586,17.5125488
2022-09-01,2351,848,567,3199,17.72428884
2022-09-02,2137,739,421,2876,14.63838665
2022-09-03,1366,399,284,1765,16.09065156
2022-09-04,1396,392,270,1788,15.10067114
2022-09-05,1215,580,303,1795,16.88022284
2022-09-06,3682,1246,843,4928,17.10633117
2022-09-07,3100,1006,718,4106,17.48660497
2022-09-08,2557,914,616,3471,17.74704696
2022-09-09,2238,717,498,2955,16.85279188
2022-09-10,1453,395,294,1848,15.90909091
2022-09-11,1404,395,299,1799,16.62034464
2022-09-12,3033,1181,740,4214,17.56051258
2022-09-13,2612,906,609,3518,17.31097214
2022-09-14,2428,762,557,3190,17.46081505
2022-09-15,2134,732,486,2866,16.95743196
2022-09-16,1897,619,430,2516,17.09062003
2022-09-17,1204,292,245,1496,16.37700535
2022-09-18,1242,318,233,1560,14.93589744
2022-09-19,2437,858,579,3295,17.57207891
2022-09-20,2153,701,486,2854,17.0287316
2022-09-21,1988,673,399,2661,14.99436302
2022-09-22,1803,629,401,2432,16.48848684
2022-09-23,1554,462,318,2016,15.77380952
2022-09-24,864,234,165,1098,15.0273224
2022-09-25,850,239,189,1089,17.3553719
2022-09-26,1915,647,443,2562,17.29117877
2022-09-27,1677,501,332,2178,15.24334252
2022-09-28,1595,445,361,2040,17.69607843
2022-09-29,1282,366,260,1648,15.77669903
2022-09-30,851,267,212,1118,18.96243292
2022-10-01,729,215,118,944,12.5
2022-10-02,777,215,157,992,15.8266129
2022-10-03,1446,593,367,2039,17.99901913
2022-10-04,1175,459,276,1634,16.89106487
2022-10-05,1301,381,260,1682,15.45778835
2022-10-06,1076,348,235,1424,16.50280899
2022-10-07,1013,317,178,1330,13.38345865
2022-10-08,634,231,124,865,14.33526012
2022-10-09,561,179,113,740,15.27027027
2022-10-10,1173,503,341,1676,20.34606205
2022-10-11,1097,360,229,1457,15.71722718
2022-10-12,1027,386,234,1413,16.56050955
2022-10-13,1043,397,256,1440,17.77777778
2022-10-14,821,301,188,1122,16.75579323
2022-10-15,549,180,104,729,14.26611797
2022-10-16,499,167,112,666,16.81681682
2022-10-17,1153,472,294,1625,18.09230769
2022-10-18,869,361,215,1230,17.4796748
2022-10-19,866,342,213,1208,17.63245033
2022-10-20,855,336,213,1191,17.88413098
2022-10-21,789,283,181,1072,16.88432836
2022-10-22,574,162,118,736,16.0326087
2022-10-23,595,204,126,799,15.76971214
2022-10-24,1267,455,298,1722,17.30545877
2022-10-25,1051,405,254,1456,17.44505495
2022-10-26,1145,419,262,1564,16.75191816
2022-10-27,1018,320,237,1338,17.71300448
2022-10-28,931,273,203,1204,16.86046512
2022-10-29,530,172,116,702,16.52421652
2022-10-30,545,150,108,695,15.53956835
2022-10-31,1044,449,257,1493,17.21366376
2022-11-01,1119,416,263,1535,17.13355049
2022-11-02,1073,366,297,1439,20.63933287
2022-11-03,1005,377,237,1382,17.14905933
2022-11-04,886,302,220,1188,18.51851852
2022-11-05,563,150,112,713,15.70827489
2022-11-06,517,152,104,669,15.54559043
2022-11-07,1069,374,277,1443,19.1961192
2022-11-08,921,288,225,1209,18.61042184
2022-11-09,915,296,222,1211,18.33195706
2022-11-10,711,233,182,944,19.27966102
2022-11-11,602,200,153,802,19.07730673
2022-11-12,517,113,100,630,15.87301587
2022-11-13,393,108,80,501,15.96806387
2022-11-14,900,373,242,1273,19.0102121
2022-11-15,766,255,186,1021,18.21743389
2022-11-16,732,262,186,994,18.71227364
2022-11-17,749,229,175,978,17.89366053
2022-11-18,697,206,164,903,18.16168328
2022-11-19,438,112,96,550,17.45454545
2022-11-20,427,142,84,569,14.76274165
2022-11-21,1050,382,298,1432,20.81005587
2022-11-22,879,383,233,1262,18.46275753
2022-11-23,884,283,233,1167,19.96572408
2022-11-24,298,82,58,380,15.26315789
2022-11-25,828,336,225,1164,19.32989691
2022-11-26,714,229,173,943,18.3457052
2022-11-27,801,208,181,1009,17.93855302
2022-11-28,1762,629,475,2391,19.86616478
2022-11-29,1582,555,435,2137,20.35563875
2022-11-30,1479,517,393,1996,19.68937876
2022-12-01,1223,483,332,1706,19.46072685
2022-12-02,1165,455,304,1620,18.7654321
2022-12-03,687,256,177,943,18.76988335
2022-12-04,779,272,205,1051,19.50523311
2022-12-05,1692,697,495,2389,20.71996651
2022-12-06,1704,618,474,2322,20.41343669
2022-12-07,1620,618,469,2238,20.9562109
2022-12-08,1644,725,506,2369,21.3592233
2022-12-09,1590,570,416,2160,19.25925926
2022-12-10,968,379,241,1347,17.89161099
2022-12-11,1055,381,262,1436,18.24512535
2022-12-12,2158,953,657,3111,21.11861138
2022-12-13,2012,835,607,2847,21.32068844
2022-12-14,2094,904,632,2998,21.08072048
2022-12-15,1888,792,550,2680,20.52238806
2022-12-16,1877,745,540,2622,20.59496568
2022-12-17,1317,521,327,1838,17.79107726
2022-12-18,1209,537,372,1746,21.30584192
2022-12-19,2705,1193,871,3898,22.3447922
2022-12-20,2626,1130,826,3756,21.9914803
2022-12-21,2669,1156,798,3825,20.8627451
2022-12-22,2448,1100,757,3548,21.33596392
2022-12-23,1926,916,555,2842,19.52850106
2022-12-24,1133,500,298,1633,18.24862217
2022-12-25,733,243,174,976,17.82786885
2022-12-26,2122,1203,711,3325,21.38345865
2022-12-27,3051,1396,970,4447,21.81245784
2022-12-28,3129,1411,975,4540,21.47577093
2022-12-29,3118,1319,945,4437,21.29817444
2022-12-30,2776,1225,837,4001,20.91977006
2022-12-31,1660,667,478,2327,20.5414697
2023-01-01,1136,445,303,1581,19.16508539
2023-01-02,2487,1160,822,3647,22.53907321
2023-01-03,3181,1351,994,4532,21.93292145
2023-01-04,3012,1234,920,4246,21.66745172
2023-01-05,2450,965,794,3415,23.25036603
2023-01-06,2214,809,612,3023,20.24478994
2023-01-07,1216,393,281,1609,17.46426352
2023-01-08,985,438,292,1423,20.52002811
2023-01-09,2292,957,798,3249,24.56140351
2023-01-10,1930,787,564,2717,20.75818918
2023-01-11,1831,756,593,2587,22.92230383
2023-01-12,1653,698,554,2351,23.56444066
2023-01-13,1439,573,452,2012,22.46520875
2023-01-14,923,328,279,1251,22.30215827
2023-01-15,835,319,237,1154,20.5372617
2023-01-16,1411,671,468,2082,22.47838617
2023-01-17,1929,771,624,2700,23.11111111
2023-01-18,1725,711,560,2436,22.98850575
2023-01-19,1568,551,484,2119,22.84096272
2023-01-20,1438,583,418,2021,20.68283028
2023-01-21,898,331,282,1229,22.94548413
2023-01-22,828,320,299,1148,26.04529617
2023-01-23,1752,772,602,2524,23.85103011
2023-01-24,1561,651,510,2212,23.05605787
2023-01-25,1532,655,546,2187,24.96570645
2023-01-26,1409,650,512,2059,24.86644002
2023-01-27,1238,529,391,1767,22.1279004
2023-01-28,822,299,252,1121,22.47992864
2023-01-29,762,315,223,1077,20.70566388
2023-01-30,1740,701,581,2441,23.80172061
2023-01-31,1511,689,490,2200,22.27272727
2023-02-01,1533,657,525,2190,23.97260274
2023-02-02,1285,585,478,1870,25.56149733
2023-02-03,1177,472,395,1649,23.95391146
2023-02-04,656,265,231,921,25.08143322
2023-02-05,685,264,221,949,23.28767123
2023-02-06,1579,724,589,2303,25.57533652
2023-02-07,1513,602,486,2115,22.9787234
2023-02-08,1367,533,439,1900,23.10526316
2023-02-09,1279,541,428,1820,23.51648352
2023-02-10,1125,429,361,1554,23.23037323
2023-02-11,667,238,185,905,20.44198895
2023-02-12,610,251,198,861,22.99651568
2023-02-13,1302,648,522,1950,26.76923077
2023-02-14,1154,463,371,1617,22.94372294
2023-02-15,1145,493,398,1638,24.2979243
2023-02-16,1107,454,395,1561,25.30429212
2023-02-17,979,360,298,1339,22.25541449
2023-02-18,545,201,158,746,21.17962466
2023-02-19,532,214,160,746,21.44772118
2023-02-20,1036,483,384,1519,25.27978934
2023-02-21,1033,422,341,1455,23.43642612
2023-02-22,928,352,316,1280,24.6875
2023-02-23,816,338,269,1154,23.3102253
2023-02-24,752,270,261,1022,25.53816047
2023-02-25,464,152,137,616,22.24025974
2023-02-26,374,145,115,519,22.15799615
2023-02-27,773,393,267,1166,22.89879931
2023-02-28,767,296,242,1063,22.76575729
2023-03-01,595,294,190,889,21.37232846