sampling_week,effective_concentration_rolling_average,population,region
2020-01-15,0.0,"1,000,000-3,000,000",Nationwide
2020-01-15,0.0,"1,000,000-3,000,000",Northeast
2020-01-22,0.0,"1,000,000-3,000,000",Nationwide
2020-01-22,0.0,"1,000,000-3,000,000",Northeast
2020-01-29,0.0,"1,000,000-3,000,000",Nationwide
2020-01-29,0.0,"1,000,000-3,000,000",Northeast
2020-02-05,0.0,"1,000,000-3,000,000",Nationwide
2020-02-05,0.0,"1,000,000-3,000,000",Northeast
2020-02-12,0.0,"1,000,000-3,000,000",Nationwide
2020-02-12,0.0,"1,000,000-3,000,000",Northeast
2020-02-19,0.0,"1,000,000-3,000,000",Nationwide
2020-02-19,0.0,"1,000,000-3,000,000",Northeast
2020-02-26,0.0,"1,000,000-3,000,000",Nationwide
2020-02-26,0.0,"1,000,000-3,000,000",Northeast
2020-03-04,1.4501821146335496,"1,000,000-3,000,000",Nationwide
2020-03-04,1.4501821146335496,"1,000,000-3,000,000",Northeast
2020-03-11,12.590344274524805,"1,000,000-3,000,000",Nationwide
2020-03-11,12.590344274524805,"1,000,000-3,000,000",Northeast
2020-03-18,131.83325822015223,"1,000,000-3,000,000",Nationwide
2020-03-18,309.4634634236888,"1,000,000-3,000,000",Northeast
2020-03-25,70.2157794735443,"100,000-300,000",Midwest
2020-03-25,447.39776079794615,"3,000,000-10,000,000",Nationwide
2020-03-25,1195.112947157351,"3,000,000-10,000,000",Northeast
2020-03-25,34.77978564128121,"1,000,000-3,000,000",South
2020-03-25,34.29788658991735,"300,000-1,000,000",West
2020-04-01,125.2599735995284,<3000,Midwest
2020-04-01,302.59798492355293,"3,000,000-10,000,000",Nationwide
2020-04-01,879.3507746747642,"3,000,000-10,000,000",Northeast
2020-04-01,65.3828858966204,"3,000,000-10,000,000",South
2020-04-01,68.87268549320574,"1,000,000-3,000,000",West
2020-04-08,488.7785295749968,"100,000-300,000",Midwest
2020-04-08,458.257981294956,"10,000,000-30,000,000",Nationwide
2020-04-08,1757.417899205436,"3,000,000-10,000,000",Northeast
2020-04-08,54.80303037901279,"3,000,000-10,000,000",South
2020-04-08,88.8681449597171,"1,000,000-3,000,000",West
2020-04-15,471.8210072241724,"300,000-1,000,000",Midwest
2020-04-15,572.3337450268574,"10,000,000-30,000,000",Nationwide
2020-04-15,2276.958063304158,"3,000,000-10,000,000",Northeast
2020-04-15,129.49286718379597,"3,000,000-10,000,000",South
2020-04-15,95.75464223332877,"1,000,000-3,000,000",West
2020-04-22,906.37929557705,"1,000,000-3,000,000",Midwest
2020-04-22,832.9735595044903,"10,000,000-30,000,000",Nationwide
2020-04-22,2803.9103930011165,"3,000,000-10,000,000",Northeast
2020-04-22,345.55031107424776,"3,000,000-10,000,000",South
2020-04-22,190.4381213720527,"1,000,000-3,000,000",West
2020-04-29,883.0138350083258,"1,000,000-3,000,000",Midwest
2020-04-29,389.889904274263,"10,000,000-30,000,000",Nationwide
2020-04-29,1056.2302046178645,"3,000,000-10,000,000",Northeast
2020-04-29,177.02526723965298,"3,000,000-10,000,000",South
2020-04-29,161.22127906400388,"3,000,000-10,000,000",West
2020-05-06,539.3008042687566,"1,000,000-3,000,000",Midwest
2020-05-06,209.9381946077548,"10,000,000-30,000,000",Nationwide
2020-05-06,289.8911581052641,"3,000,000-10,000,000",Northeast
2020-05-06,178.2199882039696,"3,000,000-10,000,000",South
2020-05-06,144.95367585107064,"3,000,000-10,000,000",West
2020-05-13,269.3714609872573,"1,000,000-3,000,000",Midwest
2020-05-13,131.67258640888426,"10,000,000-30,000,000",Nationwide
2020-05-13,146.98504912996634,"3,000,000-10,000,000",Northeast
2020-05-13,148.88340261520327,"3,000,000-10,000,000",South
2020-05-13,71.36455844619468,"3,000,000-10,000,000",West
2020-05-20,105.62970869872724,"1,000,000-3,000,000",Midwest
2020-05-20,65.5853853274863,"10,000,000-30,000,000",Nationwide
2020-05-20,91.10482330215154,"3,000,000-10,000,000",Northeast
2020-05-20,80.24938556066327,"3,000,000-10,000,000",South
2020-05-20,27.28616684337172,"10,000,000-30,000,000",West
2020-05-27,79.6913900227819,"1,000,000-3,000,000",Midwest
2020-05-27,65.09857688250598,"10,000,000-30,000,000",Nationwide
2020-05-27,66.89627034427194,"3,000,000-10,000,000",Northeast
2020-05-27,95.10963997786328,"3,000,000-10,000,000",South
2020-05-27,31.036521354009324,"3,000,000-10,000,000",West
2020-06-03,111.26784901848238,"1,000,000-3,000,000",Midwest
2020-06-03,76.72669341111768,"10,000,000-30,000,000",Nationwide
2020-06-03,52.39414169915892,"3,000,000-10,000,000",Northeast
2020-06-03,133.98549020142102,"3,000,000-10,000,000",South
2020-06-03,44.6434451556055,"10,000,000-30,000,000",West
2020-06-10,206.21698011910712,"1,000,000-3,000,000",Midwest
2020-06-10,111.78306499174144,"10,000,000-30,000,000",Nationwide
2020-06-10,51.179663930073616,"3,000,000-10,000,000",Northeast
2020-06-10,197.87271722575335,"3,000,000-10,000,000",South
2020-06-10,71.49437895071796,"3,000,000-10,000,000",West
2020-06-17,132.23732058385556,"1,000,000-3,000,000",Midwest
2020-06-17,103.98125871110312,"10,000,000-30,000,000",Nationwide
2020-06-17,46.38776848253229,"3,000,000-10,000,000",Northeast
2020-06-17,174.43674612945924,"3,000,000-10,000,000",South
2020-06-17,90.9723800109482,"3,000,000-10,000,000",West
2020-06-24,71.25822403604971,"1,000,000-3,000,000",Midwest
2020-06-24,98.26990569972229,"10,000,000-30,000,000",Nationwide
2020-06-24,28.367288910545813,"3,000,000-10,000,000",Northeast
2020-06-24,173.0817014047349,"3,000,000-10,000,000",South
2020-06-24,80.7400538981103,"3,000,000-10,000,000",West
2020-07-01,73.3892630056328,"1,000,000-3,000,000",Midwest
2020-07-01,153.6459259523463,"10,000,000-30,000,000",Nationwide
2020-07-01,35.45325889500081,"3,000,000-10,000,000",Northeast
2020-07-01,326.8483012318857,"3,000,000-10,000,000",South
2020-07-01,49.68151820896276,"300,000-1,000,000",West
2020-07-08,94.93828720172668,"300,000-1,000,000",Midwest
2020-07-08,178.18217383686087,"10,000,000-30,000,000",Nationwide
2020-07-08,38.63220651705912,"3,000,000-10,000,000",Northeast
2020-07-08,360.0042947856134,"3,000,000-10,000,000",South
2020-07-08,48.28295100265229,"1,000,000-3,000,000",West
2020-07-15,148.27773524896568,"1,000,000-3,000,000",Midwest
2020-07-15,226.1201768135228,"10,000,000-30,000,000",Nationwide
2020-07-15,36.71853156447281,"3,000,000-10,000,000",Northeast
2020-07-15,458.49260646434095,"3,000,000-10,000,000",South
2020-07-15,66.79723359628105,"300,000-1,000,000",West
2020-07-22,148.16474138360445,"1,000,000-3,000,000",Midwest
2020-07-22,159.67352815263493,"10,000,000-30,000,000",Nationwide
2020-07-22,34.23528611433797,"3,000,000-10,000,000",Northeast
2020-07-22,295.2148927440281,"3,000,000-10,000,000",South
2020-07-22,94.2292563770665,"1,000,000-3,000,000",West
2020-07-29,131.56902296542006,"300,000-1,000,000",Midwest
2020-07-29,150.36589323201,"3,000,000-10,000,000",Nationwide
2020-07-29,39.061686637769085,"1,000,000-3,000,000",Northeast
2020-07-29,266.45957801959617,"3,000,000-10,000,000",South
2020-07-29,88.07853001735047,"1,000,000-3,000,000",West
2020-08-05,167.90873942851488,"1,000,000-3,000,000",Midwest
2020-08-05,165.75808327981815,"10,000,000-30,000,000",Nationwide
2020-08-05,46.07112983538793,"3,000,000-10,000,000",Northeast
2020-08-05,260.8118912025148,"3,000,000-10,000,000",South
2020-08-05,96.170434887841,"1,000,000-3,000,000",West
2020-08-12,163.60345426308947,"1,000,000-3,000,000",Midwest
2020-08-12,126.12646748447676,"10,000,000-30,000,000",Nationwide
2020-08-12,40.20752961788299,"3,000,000-10,000,000",Northeast
2020-08-12,169.17101745553157,"3,000,000-10,000,000",South
2020-08-12,99.7514847370198,"3,000,000-10,000,000",West
2020-08-19,139.87163181464197,"1,000,000-3,000,000",Midwest
2020-08-19,106.63117293995316,"10,000,000-30,000,000",Nationwide
2020-08-19,36.68435478221941,"3,000,000-10,000,000",Northeast
2020-08-19,141.4228765801179,"3,000,000-10,000,000",South
2020-08-19,83.35694197397315,"1,000,000-3,000,000",West
2020-08-26,146.3990532352995,"1,000,000-3,000,000",Midwest
2020-08-26,107.83720138739707,"10,000,000-30,000,000",Nationwide
2020-08-26,44.10183709737933,"3,000,000-10,000,000",Northeast
2020-08-26,132.67686581450312,"3,000,000-10,000,000",South
2020-08-26,95.03815516773636,"1,000,000-3,000,000",West
2020-09-02,135.98510349846043,"1,000,000-3,000,000",Midwest
2020-09-02,100.06726715890932,"10,000,000-30,000,000",Nationwide
2020-09-02,54.9513571736526,"3,000,000-10,000,000",Northeast
2020-09-02,117.98723426131498,"3,000,000-10,000,000",South
2020-09-02,88.24668994886567,"1,000,000-3,000,000",West
2020-09-09,113.14391090590384,"1,000,000-3,000,000",Midwest
2020-09-09,76.43067251630019,"10,000,000-30,000,000",Nationwide
2020-09-09,49.57575416483744,"3,000,000-10,000,000",Northeast
2020-09-09,80.49560188409416,"3,000,000-10,000,000",South
2020-09-09,73.58486373982397,"1,000,000-3,000,000",West
2020-09-16,97.9696326242899,"1,000,000-3,000,000",Midwest
2020-09-16,64.89499947593437,"10,000,000-30,000,000",Nationwide
2020-09-16,46.14509180885143,"3,000,000-10,000,000",Northeast
2020-09-16,65.57255721149322,"3,000,000-10,000,000",South
2020-09-16,63.18266931537739,"1,000,000-3,000,000",West
2020-09-23,108.18301538392431,"1,000,000-3,000,000",Midwest
2020-09-23,67.44093812489189,"10,000,000-30,000,000",Nationwide
2020-09-23,48.46250089476346,"1,000,000-3,000,000",Northeast
2020-09-23,67.45663270331217,"3,000,000-10,000,000",South
2020-09-23,60.51242775877055,"1,000,000-3,000,000",West
2020-09-30,102.75747234136492,"1,000,000-3,000,000",Midwest
2020-09-30,71.00047307645389,"10,000,000-30,000,000",Nationwide
2020-09-30,50.56916699148368,"3,000,000-10,000,000",Northeast
2020-09-30,69.6374603619957,"3,000,000-10,000,000",South
2020-09-30,75.78294047978643,"3,000,000-10,000,000",West
2020-10-07,147.9452638318652,"1,000,000-3,000,000",Midwest
2020-10-07,92.59640210324528,"10,000,000-30,000,000",Nationwide
2020-10-07,66.36303940308697,"3,000,000-10,000,000",Northeast
2020-10-07,87.08059683179386,"3,000,000-10,000,000",South
2020-10-07,98.49063389679247,"1,000,000-3,000,000",West
2020-10-14,237.8594908280112,"1,000,000-3,000,000",Midwest
2020-10-14,135.10752619566938,"10,000,000-30,000,000",Nationwide
2020-10-14,99.19398342233764,"3,000,000-10,000,000",Northeast
2020-10-14,118.81127588234416,"3,000,000-10,000,000",South
2020-10-14,154.06568080748335,"1,000,000-3,000,000",West
2020-10-21,363.2114746656165,"1,000,000-3,000,000",Midwest
2020-10-21,170.11251424260868,"10,000,000-30,000,000",Nationwide
2020-10-21,128.5495690071613,"3,000,000-10,000,000",Northeast
2020-10-21,130.58955112057225,"3,000,000-10,000,000",South
2020-10-21,193.31806086179685,"1,000,000-3,000,000",West
2020-10-28,497.9243222982285,"1,000,000-3,000,000",Midwest
2020-10-28,193.0249630751091,"10,000,000-30,000,000",Nationwide
2020-10-28,154.8025074128454,"3,000,000-10,000,000",Northeast
2020-10-28,132.9951063358131,"3,000,000-10,000,000",South
2020-10-28,184.05113377989787,"1,000,000-3,000,000",West
2020-11-04,662.1846615852288,"1,000,000-3,000,000",Midwest
2020-11-04,293.26309480195823,"10,000,000-30,000,000",Nationwide
2020-11-04,246.3420890787837,"1,000,000-3,000,000",Northeast
2020-11-04,202.18667654274137,"3,000,000-10,000,000",South
2020-11-04,330.838924402844,"1,000,000-3,000,000",West
2020-11-11,850.6874114149572,"1,000,000-3,000,000",Midwest
2020-11-11,467.4616819477148,"10,000,000-30,000,000",Nationwide
2020-11-11,412.08651625300894,"3,000,000-10,000,000",Northeast
2020-11-11,334.053824626734,"3,000,000-10,000,000",South
2020-11-11,643.481577018961,"1,000,000-3,000,000",West
2020-11-18,1047.647038569511,"1,000,000-3,000,000",Midwest
2020-11-18,562.8614959196581,"10,000,000-30,000,000",Nationwide
2020-11-18,501.41852639294257,"3,000,000-10,000,000",Northeast
2020-11-18,489.3518998963596,"3,000,000-10,000,000",South
2020-11-18,525.1439386935044,"1,000,000-3,000,000",West
2020-11-25,927.525348474834,"1,000,000-3,000,000",Midwest
2020-11-25,621.821778427122,"10,000,000-30,000,000",Nationwide
2020-11-25,621.2566887279131,"1,000,000-3,000,000",Northeast
2020-11-25,639.1516275479557,"3,000,000-10,000,000",South
2020-11-25,427.76067373517714,"1,000,000-3,000,000",West
2020-12-02,746.8685116742639,"1,000,000-3,000,000",Midwest
2020-12-02,627.5730922895708,"10,000,000-30,000,000",Nationwide
2020-12-02,782.5019407743372,"3,000,000-10,000,000",Northeast
2020-12-02,610.6338003009047,"3,000,000-10,000,000",South
2020-12-02,438.78047065032086,"1,000,000-3,000,000",West
2020-12-09,646.8180474230835,"1,000,000-3,000,000",Midwest
2020-12-09,674.9153697603159,"10,000,000-30,000,000",Nationwide
2020-12-09,906.0807662255716,"3,000,000-10,000,000",Northeast
2020-12-09,645.1723000692424,"3,000,000-10,000,000",South
2020-12-09,454.1876409251881,"1,000,000-3,000,000",West
2020-12-16,887.1847448238896,"1,000,000-3,000,000",Midwest
2020-12-16,724.7267757767809,"10,000,000-30,000,000",Nationwide
2020-12-16,935.9622945059244,"3,000,000-10,000,000",Northeast
2020-12-16,648.566814928142,"3,000,000-10,000,000",South
2020-12-16,552.1273220116815,"1,000,000-3,000,000",West
2020-12-23,1022.0046812978494,"300,000-1,000,000",Midwest
2020-12-23,754.9466212794745,"3,000,000-10,000,000",Nationwide
2020-12-23,914.50803008733,"3,000,000-10,000,000",Northeast
2020-12-23,694.2746157686125,"3,000,000-10,000,000",South
2020-12-23,548.8028434052561,"1,000,000-3,000,000",West
2020-12-30,769.8928620307166,"1,000,000-3,000,000",Midwest
2020-12-30,706.3291247132303,"3,000,000-10,000,000",Nationwide
2020-12-30,898.4497731550006,"3,000,000-10,000,000",Northeast
2020-12-30,624.3603707512221,"3,000,000-10,000,000",South
2020-12-30,522.4207008779565,"300,000-1,000,000",West
2021-01-06,881.8830090663747,"100,000-300,000",Midwest
2021-01-06,812.1703412071824,"3,000,000-10,000,000",Nationwide
2021-01-06,962.9447559424136,"3,000,000-10,000,000",Northeast
2021-01-06,801.1921168758572,"3,000,000-10,000,000",South
2021-01-06,485.89422399077097,"1,000,000-3,000,000",West
2021-01-13,683.8642650561578,"3,000,000-10,000,000",Nationwide
2021-01-13,853.0969243782265,"3,000,000-10,000,000",Northeast
2021-01-13,664.0285249687641,"3,000,000-10,000,000",South
2021-01-13,428.841602024077,"1,000,000-3,000,000",West
2021-01-20,465.4069154176949,"100,000-300,000",Midwest
2021-01-20,513.2933696469885,"3,000,000-10,000,000",Nationwide
2021-01-20,703.2597958723765,"3,000,000-10,000,000",Northeast
2021-01-20,492.62598696954245,"3,000,000-10,000,000",South
2021-01-20,272.98591256937607,"1,000,000-3,000,000",West
2021-01-27,545.6506651382733,"100,000-300,000",Midwest
2021-01-27,395.1009278736298,"3,000,000-10,000,000",Nationwide
2021-01-27,557.182472257932,"3,000,000-10,000,000",Northeast
2021-01-27,349.2610070724596,"3,000,000-10,000,000",South
2021-01-27,192.64782270149044,"1,000,000-3,000,000",West
2021-02-03,387.2950185776404,"100,000-300,000",Midwest
2021-02-03,306.3394538571097,"3,000,000-10,000,000",Nationwide
2021-02-03,398.7230489400226,"3,000,000-10,000,000",Northeast
2021-02-03,280.632517834746,"3,000,000-10,000,000",South
2021-02-03,142.90867789388466,"300,000-1,000,000",West
2021-02-10,146.64846319160475,"100,000-300,000",Midwest
2021-02-10,227.26070614794665,"3,000,000-10,000,000",Nationwide
2021-02-10,305.48311446256633,"3,000,000-10,000,000",Northeast
2021-02-10,193.71964151654709,"3,000,000-10,000,000",South
2021-02-10,135.2761449785166,"100,000-300,000",West
2021-02-17,139.52804410654915,"100,000-300,000",Midwest
2021-02-17,180.0767514084798,"3,000,000-10,000,000",Nationwide
2021-02-17,291.66113618392365,"1,000,000-3,000,000",Northeast
2021-02-17,138.32136020296485,"3,000,000-10,000,000",South
2021-02-17,73.04980424787973,"300,000-1,000,000",West
2021-02-24,106.52943909035548,"100,000-300,000",Midwest
2021-02-24,182.65603593241488,"3,000,000-10,000,000",Nationwide
2021-02-24,269.1176368268635,"3,000,000-10,000,000",Northeast
2021-02-24,150.94683334699337,"3,000,000-10,000,000",South
2021-02-24,54.08167471061842,"300,000-1,000,000",West
2021-03-03,98.47197772372124,"100,000-300,000",Midwest
2021-03-03,193.9925199150889,"3,000,000-10,000,000",Nationwide
2021-03-03,256.1666393578618,"3,000,000-10,000,000",Northeast
2021-03-03,188.81597085907504,"3,000,000-10,000,000",South
2021-03-03,45.35484000569326,"300,000-1,000,000",West
2021-03-10,80.3314080963817,"100,000-300,000",Midwest
2021-03-10,188.76946784193137,"3,000,000-10,000,000",Nationwide
2021-03-10,215.1086961504564,"3,000,000-10,000,000",Northeast
2021-03-10,197.74742356018703,"3,000,000-10,000,000",South
2021-03-10,41.64654266602641,"100,000-300,000",West
2021-03-17,97.95900752825314,"100,000-300,000",Midwest
2021-03-17,163.8644785479813,"3,000,000-10,000,000",Nationwide
2021-03-17,241.83509638680832,"3,000,000-10,000,000",Northeast
2021-03-17,132.30617709748034,"3,000,000-10,000,000",South
2021-03-17,78.78380476972585,"300,000-1,000,000",West
2021-03-24,83.50884535430292,"100,000-300,000",Midwest
2021-03-24,180.99584037743207,"3,000,000-10,000,000",Nationwide
2021-03-24,262.21234317071145,"3,000,000-10,000,000",Northeast
2021-03-24,143.12469077875645,"3,000,000-10,000,000",South
2021-03-24,103.63002576795029,"300,000-1,000,000",West
2021-03-31,120.07228158084224,"100,000-300,000",Midwest
2021-03-31,200.57910346210977,"3,000,000-10,000,000",Nationwide
2021-03-31,281.79923009661377,"3,000,000-10,000,000",Northeast
2021-03-31,171.3820528803734,"3,000,000-10,000,000",South
2021-03-31,106.6161210434042,"300,000-1,000,000",West
2021-04-07,184.55023209462755,"100,000-300,000",Midwest
2021-04-07,204.25853451792864,"3,000,000-10,000,000",Nationwide
2021-04-07,268.21493016299905,"3,000,000-10,000,000",Northeast
2021-04-07,179.41324218393868,"3,000,000-10,000,000",South
2021-04-07,107.05263157511956,"300,000-1,000,000",West
2021-04-14,208.62094524055144,"10,000-30,000",Midwest
2021-04-14,181.36278898069324,"3,000,000-10,000,000",Nationwide
2021-04-14,232.4665052532483,"3,000,000-10,000,000",Northeast
2021-04-14,159.441203131499,"3,000,000-10,000,000",South
2021-04-14,113.46347679226515,"300,000-1,000,000",West
2021-04-21,196.2066409736466,"100,000-300,000",Midwest
2021-04-21,149.0813654306398,"3,000,000-10,000,000",Nationwide
2021-04-21,174.99688524252971,"3,000,000-10,000,000",Northeast
2021-04-21,129.39123017682104,"3,000,000-10,000,000",South
2021-04-21,129.42325319504985,"300,000-1,000,000",West
2021-04-28,174.05690319824762,"100,000-300,000",Midwest
2021-04-28,121.69521957691954,"3,000,000-10,000,000",Nationwide
2021-04-28,138.75621848903614,"3,000,000-10,000,000",Northeast
2021-04-28,106.80280153073068,"3,000,000-10,000,000",South
2021-04-28,112.43919280488252,"300,000-1,000,000",West
2021-05-05,116.75101836254096,"100,000-300,000",Midwest
2021-05-05,84.1731219715001,"3,000,000-10,000,000",Nationwide
2021-05-05,103.88544168362624,"3,000,000-10,000,000",Northeast
2021-05-05,71.40417790844313,"3,000,000-10,000,000",South
2021-05-05,77.11401898353887,"300,000-1,000,000",West
2021-05-12,106.29964482022136,"100,000-300,000",Midwest
2021-05-12,70.17504437322921,"3,000,000-10,000,000",Nationwide
2021-05-12,84.75383420612363,"3,000,000-10,000,000",Northeast
2021-05-12,62.316066461194886,"3,000,000-10,000,000",South
2021-05-12,53.53607548085347,"300,000-1,000,000",West
2021-05-19,87.12637209535002,"100,000-300,000",Midwest
2021-05-19,57.92852178426531,"3,000,000-10,000,000",Nationwide
2021-05-19,60.55659914061488,"3,000,000-10,000,000",Northeast
2021-05-19,52.13478862835351,"3,000,000-10,000,000",South
2021-05-19,75.07597893047256,"300,000-1,000,000",West
2021-05-26,33.95052362473485,"30,000-100,000",Midwest
2021-05-26,39.69683603813408,"3,000,000-10,000,000",Nationwide
2021-05-26,39.63647408200082,"3,000,000-10,000,000",Northeast
2021-05-26,34.80469438094273,"3,000,000-10,000,000",South
2021-05-26,90.88867113280024,"100,000-300,000",West
2021-06-02,23.435829790490704,"100,000-300,000",Midwest
2021-06-02,41.75552552404383,"3,000,000-10,000,000",Nationwide
2021-06-02,31.154670674661304,"3,000,000-10,000,000",Northeast
2021-06-02,42.75453804741944,"3,000,000-10,000,000",South
2021-06-02,91.40794302020532,"300,000-1,000,000",West
2021-06-09,31.323981032108843,"3,000,000-10,000,000",Midwest
2021-06-09,53.79346962825522,"30,000,000-100,000,000",Nationwide
2021-06-09,45.223176513762446,"3,000,000-10,000,000",Northeast
2021-06-09,71.13384897205572,"3,000,000-10,000,000",South
2021-06-09,59.07890654170547,"10,000,000-30,000,000",West
2021-06-16,38.42824249354374,"10,000,000-30,000,000",Midwest
2021-06-16,58.775090515660445,"30,000,000-100,000,000",Nationwide
2021-06-16,52.96231330257197,"10,000,000-30,000,000",Northeast
2021-06-16,69.87547434353668,"10,000,000-30,000,000",South
2021-06-16,66.94331253206938,"10,000,000-30,000,000",West
2021-06-23,46.72016279857612,"10,000,000-30,000,000",Midwest
2021-06-23,64.14770170624304,"30,000,000-100,000,000",Nationwide
2021-06-23,46.68541326154705,"10,000,000-30,000,000",Northeast
2021-06-23,72.04175981688046,"10,000,000-30,000,000",South
2021-06-23,87.16629107241054,"10,000,000-30,000,000",West
2021-06-30,32.95149267268527,"10,000,000-30,000,000",Midwest
2021-06-30,67.40161665790855,"30,000,000-100,000,000",Nationwide
2021-06-30,52.54809819087404,"10,000,000-30,000,000",Northeast
2021-06-30,81.92510279895747,"10,000,000-30,000,000",South
2021-06-30,94.7414399890604,"10,000,000-30,000,000",West
2021-07-07,35.25487965196112,"10,000,000-30,000,000",Midwest
2021-07-07,84.24008503841632,"30,000,000-100,000,000",Nationwide
2021-07-07,62.43230118346159,"10,000,000-30,000,000",Northeast
2021-07-07,119.16765942499816,"10,000,000-30,000,000",South
2021-07-07,105.21355745920562,"10,000,000-30,000,000",West
2021-07-14,63.68493929052088,"10,000,000-30,000,000",Midwest
2021-07-14,120.90674886187632,"30,000,000-100,000,000",Nationwide
2021-07-14,78.49317272712908,"10,000,000-30,000,000",Northeast
2021-07-14,195.18622863127007,"10,000,000-30,000,000",South
2021-07-14,122.4277347203632,"30,000,000-100,000,000",West
2021-07-21,109.71067105454404,"10,000,000-30,000,000",Midwest
2021-07-21,204.57209603241665,"30,000,000-100,000,000",Nationwide
2021-07-21,141.56815956552074,"10,000,000-30,000,000",Northeast
2021-07-21,345.0127375338616,"10,000,000-30,000,000",South
2021-07-21,182.3452092343871,"30,000,000-100,000,000",West
2021-07-28,141.16712300227775,"10,000,000-30,000,000",Midwest
2021-07-28,315.2230390073128,"30,000,000-100,000,000",Nationwide
2021-07-28,244.50760486928607,"10,000,000-30,000,000",Northeast
2021-07-28,523.1096877186092,"10,000,000-30,000,000",South
2021-07-28,285.3140797746018,"30,000,000-100,000,000",West
2021-08-04,201.80866878856227,"10,000,000-30,000,000",Midwest
2021-08-04,408.4410978261231,"30,000,000-100,000,000",Nationwide
2021-08-04,331.37345388703,"10,000,000-30,000,000",Northeast
2021-08-04,666.442407267778,"10,000,000-30,000,000",South
2021-08-04,355.4601394408524,"30,000,000-100,000,000",West
2021-08-11,255.6684721015264,"10,000,000-30,000,000",Midwest
2021-08-11,450.9762613579906,"30,000,000-100,000,000",Nationwide
2021-08-11,354.55865121411165,"10,000,000-30,000,000",Northeast
2021-08-11,710.3712834829249,"10,000,000-30,000,000",South
2021-08-11,402.25970323524217,"30,000,000-100,000,000",West
2021-08-18,289.52585881563925,"10,000,000-30,000,000",Midwest
2021-08-18,493.4967448740618,"30,000,000-100,000,000",Nationwide
2021-08-18,358.0160073915777,"10,000,000-30,000,000",Northeast
2021-08-18,775.1104346549286,"10,000,000-30,000,000",South
2021-08-18,430.187515686614,"30,000,000-100,000,000",West
2021-08-25,463.9455691976119,"1,000,000-3,000,000",Midwest
2021-08-25,648.9315663302403,"10,000,000-30,000,000",Nationwide
2021-08-25,384.3577351623341,"3,000,000-10,000,000",Northeast
2021-08-25,966.133840262126,"3,000,000-10,000,000",South
2021-08-25,476.9005071708198,"1,000,000-3,000,000",West
2021-09-01,555.1305675481773,"1,000,000-3,000,000",Midwest
2021-09-01,758.0121488037139,"10,000,000-30,000,000",Nationwide
2021-09-01,417.2186646006534,"3,000,000-10,000,000",Northeast
2021-09-01,1220.6013381217997,"3,000,000-10,000,000",South
2021-09-01,432.84588372843496,"1,000,000-3,000,000",West
2021-09-08,518.9192750966653,"1,000,000-3,000,000",Midwest
2021-09-08,691.5077102322288,"10,000,000-30,000,000",Nationwide
2021-09-08,387.68735035427534,"3,000,000-10,000,000",Northeast
2021-09-08,1104.9092341292935,"3,000,000-10,000,000",South
2021-09-08,472.42362706410375,"1,000,000-3,000,000",West
2021-09-15,582.7144591068173,"1,000,000-3,000,000",Midwest
2021-09-15,593.8591986047645,"10,000,000-30,000,000",Nationwide
2021-09-15,451.93519953058586,"3,000,000-10,000,000",Northeast
2021-09-15,743.342669243193,"3,000,000-10,000,000",South
2021-09-15,516.7278143640154,"1,000,000-3,000,000",West
2021-09-22,551.5500595882,"1,000,000-3,000,000",Midwest
2021-09-22,482.5770399242189,"10,000,000-30,000,000",Nationwide
2021-09-22,437.5762689960658,"3,000,000-10,000,000",Northeast
2021-09-22,516.734996570995,"3,000,000-10,000,000",South
2021-09-22,391.0375396595866,"1,000,000-3,000,000",West
2021-09-29,536.8603963180144,"1,000,000-3,000,000",Midwest
2021-09-29,485.1749619891722,"10,000,000-30,000,000",Nationwide
2021-09-29,526.4730261951586,"3,000,000-10,000,000",Northeast
2021-09-29,432.9060377751516,"3,000,000-10,000,000",South
2021-09-29,459.1680866896504,"1,000,000-3,000,000",West
2021-10-06,514.2644122274547,"1,000,000-3,000,000",Midwest
2021-10-06,470.1366427372395,"10,000,000-30,000,000",Nationwide
2021-10-06,592.3615993928789,"3,000,000-10,000,000",Northeast
2021-10-06,353.0808586557855,"3,000,000-10,000,000",South
2021-10-06,471.2997928154418,"1,000,000-3,000,000",West
2021-10-13,554.2771884271953,"1,000,000-3,000,000",Midwest
2021-10-13,407.47554395164985,"10,000,000-30,000,000",Nationwide
2021-10-13,504.0824034832581,"3,000,000-10,000,000",Northeast
2021-10-13,289.58698961509253,"3,000,000-10,000,000",South
2021-10-13,295.51132862910475,"1,000,000-3,000,000",West
2021-10-20,461.44784297120367,"1,000,000-3,000,000",Midwest
2021-10-20,403.52073973486927,"10,000,000-30,000,000",Nationwide
2021-10-20,486.5801765731628,"3,000,000-10,000,000",Northeast
2021-10-20,295.54097148370346,"3,000,000-10,000,000",South
2021-10-20,374.64663349028,"1,000,000-3,000,000",West
2021-10-27,465.9422243468138,"1,000,000-3,000,000",Midwest
2021-10-27,485.1314548713646,"10,000,000-30,000,000",Nationwide
2021-10-27,573.6107293560023,"3,000,000-10,000,000",Northeast
2021-10-27,345.63016872246885,"3,000,000-10,000,000",South
2021-10-27,678.8217717543222,"1,000,000-3,000,000",West
2021-11-03,483.50388048325794,"1,000,000-3,000,000",Midwest
2021-11-03,505.73881935039,"10,000,000-30,000,000",Nationwide
2021-11-03,659.0186616957992,"3,000,000-10,000,000",Northeast
2021-11-03,320.9473799503889,"3,000,000-10,000,000",South
2021-11-03,635.306625040482,"1,000,000-3,000,000",West
2021-11-10,523.4587330817913,"1,000,000-3,000,000",Midwest
2021-11-10,563.5219446467295,"10,000,000-30,000,000",Nationwide
2021-11-10,875.8598409922303,"3,000,000-10,000,000",Northeast
2021-11-10,292.3418947104814,"3,000,000-10,000,000",South
2021-11-10,496.0541862690411,"1,000,000-3,000,000",West
2021-11-17,767.503828177475,"1,000,000-3,000,000",Midwest
2021-11-17,685.9690172370115,"10,000,000-30,000,000",Nationwide
2021-11-17,1090.893721550303,"3,000,000-10,000,000",Northeast
2021-11-17,303.0670065772741,"3,000,000-10,000,000",South
2021-11-17,616.4031446330375,"1,000,000-3,000,000",West
2021-11-24,1177.4809948912018,"1,000,000-3,000,000",Midwest
2021-11-24,918.4789448407574,"10,000,000-30,000,000",Nationwide
2021-11-24,1322.5272266025174,"3,000,000-10,000,000",Northeast
2021-11-24,429.8457713416317,"3,000,000-10,000,000",South
2021-11-24,802.2692126839435,"1,000,000-3,000,000",West
2021-12-01,1368.027439263855,"1,000,000-3,000,000",Midwest
2021-12-01,1186.919558490437,"10,000,000-30,000,000",Nationwide
2021-12-01,1868.743535316261,"3,000,000-10,000,000",Northeast
2021-12-01,621.9617716063887,"3,000,000-10,000,000",South
2021-12-01,630.4857304994383,"1,000,000-3,000,000",West
2021-12-08,1439.957941679513,"1,000,000-3,000,000",Midwest
2021-12-08,1203.3582786259317,"10,000,000-30,000,000",Nationwide
2021-12-08,1801.3781147825366,"3,000,000-10,000,000",Northeast
2021-12-08,752.6995374260678,"3,000,000-10,000,000",South
2021-12-08,461.9635356108799,"1,000,000-3,000,000",West
2021-12-15,1403.9661401476835,"1,000,000-3,000,000",Midwest
2021-12-15,1529.2738476617965,"10,000,000-30,000,000",Nationwide
2021-12-15,2094.359148478441,"3,000,000-10,000,000",Northeast
2021-12-15,1300.1021587422208,"3,000,000-10,000,000",South
2021-12-15,674.4248662563132,"1,000,000-3,000,000",West
2021-12-22,1274.4685427418108,"1,000,000-3,000,000",Midwest
2021-12-22,2796.3367639925723,"10,000,000-30,000,000",Nationwide
2021-12-22,3833.5619002757135,"3,000,000-10,000,000",Northeast
2021-12-22,2862.9171698130635,"3,000,000-10,000,000",South
2021-12-22,1311.8765640735735,"1,000,000-3,000,000",West
2021-12-29,2464.111754424965,"1,000,000-3,000,000",Midwest
2021-12-29,4533.421176533974,"10,000,000-30,000,000",Nationwide
2021-12-29,7184.610600644063,"3,000,000-10,000,000",Northeast
2021-12-29,3501.9663471316267,"3,000,000-10,000,000",South
2021-12-29,2872.7620783132056,"1,000,000-3,000,000",West
2022-01-05,3691.671958256571,"1,000,000-3,000,000",Midwest
2022-01-05,4524.678396152447,"10,000,000-30,000,000",Nationwide
2022-01-05,6620.497445426975,"3,000,000-10,000,000",Northeast
2022-01-05,3322.3545357920325,"3,000,000-10,000,000",South
2022-01-05,2930.9178183475465,"1,000,000-3,000,000",West
2022-01-12,3051.221233052083,"1,000,000-3,000,000",Midwest
2022-01-12,3409.7060369627434,"10,000,000-30,000,000",Nationwide
2022-01-12,4021.536356603736,"3,000,000-10,000,000",Northeast
2022-01-12,3275.5808918395146,"3,000,000-10,000,000",South
2022-01-12,2059.92041151923,"1,000,000-3,000,000",West
2022-01-19,2319.1112054973014,"1,000,000-3,000,000",Midwest
2022-01-19,2104.850640536889,"10,000,000-30,000,000",Nationwide
2022-01-19,2102.315153983753,"3,000,000-10,000,000",Northeast
2022-01-19,2177.383497076462,"3,000,000-10,000,000",South
2022-01-19,1470.549381389955,"1,000,000-3,000,000",West
2022-01-26,1378.5808661983856,"3,000,000-10,000,000",Midwest
2022-01-26,1410.12625345177,"10,000,000-30,000,000",Nationwide
2022-01-26,1274.6529080757643,"3,000,000-10,000,000",Northeast
2022-01-26,1654.1460204436237,"3,000,000-10,000,000",South
2022-01-26,1099.9538801854203,"3,000,000-10,000,000",West
2022-02-02,638.4702246973568,"3,000,000-10,000,000",Midwest
2022-02-02,860.699765583699,"10,000,000-30,000,000",Nationwide
2022-02-02,736.2695241647215,"3,000,000-10,000,000",Northeast
2022-02-02,1116.469248635723,"3,000,000-10,000,000",South
2022-02-02,722.9217473003476,"3,000,000-10,000,000",West
2022-02-09,385.7789738283265,"3,000,000-10,000,000",Midwest
2022-02-09,417.3005204798903,"10,000,000-30,000,000",Nationwide
2022-02-09,371.205063209402,"3,000,000-10,000,000",Northeast
2022-02-09,487.13938062548897,"3,000,000-10,000,000",South
2022-02-09,364.4179161284541,"3,000,000-10,000,000",West
2022-02-16,261.7056800492741,"3,000,000-10,000,000",Midwest
2022-02-16,232.8542864089451,"10,000,000-30,000,000",Nationwide
2022-02-16,217.9568344911411,"3,000,000-10,000,000",Northeast
2022-02-16,236.28260450383297,"3,000,000-10,000,000",South
2022-02-16,213.7955504491873,"3,000,000-10,000,000",West
2022-02-23,191.0415184283937,"3,000,000-10,000,000",Midwest
2022-02-23,156.8438499181385,"10,000,000-30,000,000",Nationwide
2022-02-23,161.63272010328222,"3,000,000-10,000,000",Northeast
2022-02-23,146.64129976790218,"3,000,000-10,000,000",South
2022-02-23,136.09430426985324,"3,000,000-10,000,000",West
2022-03-02,135.02767418535026,"3,000,000-10,000,000",Midwest
2022-03-02,120.82700339159358,"10,000,000-30,000,000",Nationwide
2022-03-02,148.99389430524457,"3,000,000-10,000,000",Northeast
2022-03-02,108.19466681748987,"3,000,000-10,000,000",South
2022-03-02,95.1503071408992,"3,000,000-10,000,000",West
2022-03-09,112.47278896772367,"3,000,000-10,000,000",Midwest
2022-03-09,110.48427482177148,"10,000,000-30,000,000",Nationwide
2022-03-09,155.92526622820154,"3,000,000-10,000,000",Northeast
2022-03-09,92.47667741116506,"3,000,000-10,000,000",South
2022-03-09,84.56524409588916,"3,000,000-10,000,000",West
2022-03-16,114.3399742867822,"3,000,000-10,000,000",Midwest
2022-03-16,117.5193762430139,"10,000,000-30,000,000",Nationwide
2022-03-16,192.9420692207688,"3,000,000-10,000,000",Northeast
2022-03-16,86.88653425641103,"3,000,000-10,000,000",South
2022-03-16,83.72160654293516,"3,000,000-10,000,000",West
2022-03-23,114.44820786061648,"3,000,000-10,000,000",Midwest
2022-03-23,123.85714266606315,"10,000,000-30,000,000",Nationwide
2022-03-23,206.83438537631463,"3,000,000-10,000,000",Northeast
2022-03-23,91.9539124197534,"3,000,000-10,000,000",South
2022-03-23,86.2330134346007,"3,000,000-10,000,000",West
2022-03-30,156.47639654976817,"3,000,000-10,000,000",Midwest
2022-03-30,172.2569914133834,"10,000,000-30,000,000",Nationwide
2022-03-30,291.62133442060093,"3,000,000-10,000,000",Northeast
2022-03-30,134.7833091105587,"3,000,000-10,000,000",South
2022-03-30,104.10917872050976,"3,000,000-10,000,000",West
2022-04-06,221.6279993375349,"3,000,000-10,000,000",Midwest
2022-04-06,241.9770111838101,"10,000,000-30,000,000",Nationwide
2022-04-06,416.28593085759286,"3,000,000-10,000,000",Northeast
2022-04-06,186.87003338929915,"3,000,000-10,000,000",South
2022-04-06,141.4030106794419,"3,000,000-10,000,000",West
2022-04-13,280.1695530826857,"3,000,000-10,000,000",Midwest
2022-04-13,298.8496694227551,"10,000,000-30,000,000",Nationwide
2022-04-13,523.6722918356326,"3,000,000-10,000,000",Northeast
2022-04-13,219.94283256302853,"3,000,000-10,000,000",South
2022-04-13,188.34814904292088,"3,000,000-10,000,000",West
2022-04-20,318.86820225449696,"3,000,000-10,000,000",Midwest
2022-04-20,344.780128860786,"10,000,000-30,000,000",Nationwide
2022-04-20,548.9755254819348,"3,000,000-10,000,000",Northeast
2022-04-20,248.94498958177283,"3,000,000-10,000,000",South
2022-04-20,306.31614109379115,"3,000,000-10,000,000",West
2022-04-27,366.8980200558324,"3,000,000-10,000,000",Midwest
2022-04-27,424.61250523770286,"10,000,000-30,000,000",Nationwide
2022-04-27,599.8738278305269,"3,000,000-10,000,000",Northeast
2022-04-27,318.0644788442718,"3,000,000-10,000,000",South
2022-04-27,452.302909098078,"3,000,000-10,000,000",West
2022-05-04,455.4925208507752,"3,000,000-10,000,000",Midwest
2022-05-04,496.4213757500188,"30,000,000-100,000,000",Nationwide
2022-05-04,803.4584597320078,"3,000,000-10,000,000",Northeast
2022-05-04,366.9490417388898,"3,000,000-10,000,000",South
2022-05-04,403.6081779888048,"3,000,000-10,000,000",West
2022-05-11,618.2736342847669,"3,000,000-10,000,000",Midwest
2022-05-11,648.9823665410903,"30,000,000-100,000,000",Nationwide
2022-05-11,1065.76728444205,"3,000,000-10,000,000",Northeast
2022-05-11,500.0980911603295,"10,000,000-30,000,000",South
2022-05-11,467.5377702855933,"3,000,000-10,000,000",West
2022-05-18,611.4854634004015,"3,000,000-10,000,000",Midwest
2022-05-18,735.7478036989287,"30,000,000-100,000,000",Nationwide
2022-05-18,1054.8869921903613,"3,000,000-10,000,000",Northeast
2022-05-18,664.8630395733985,"10,000,000-30,000,000",South
2022-05-18,623.6515074945369,"3,000,000-10,000,000",West
2022-05-25,628.7024414619348,"3,000,000-10,000,000",Midwest
2022-05-25,747.154810712716,"30,000,000-100,000,000",Nationwide
2022-05-25,888.8023173664077,"3,000,000-10,000,000",Northeast
2022-05-25,715.2333577980526,"10,000,000-30,000,000",South
2022-05-25,747.5887312715273,"3,000,000-10,000,000",West
2022-06-01,614.0919801338024,"3,000,000-10,000,000",Midwest
2022-06-01,766.1112124015664,"30,000,000-100,000,000",Nationwide
2022-06-01,811.3817035404719,"3,000,000-10,000,000",Northeast
2022-06-01,729.8433523941254,"10,000,000-30,000,000",South
2022-06-01,865.9741697374126,"10,000,000-30,000,000",West
2022-06-08,621.6645972669054,"3,000,000-10,000,000",Midwest
2022-06-08,792.7865645765925,"30,000,000-100,000,000",Nationwide
2022-06-08,728.020650298126,"3,000,000-10,000,000",Northeast
2022-06-08,755.8662134139425,"10,000,000-30,000,000",South
2022-06-08,969.9573738681568,"10,000,000-30,000,000",West
2022-06-15,655.1698548648126,"3,000,000-10,000,000",Midwest
2022-06-15,788.6362332183406,"30,000,000-100,000,000",Nationwide
2022-06-15,709.8148677331324,"10,000,000-30,000,000",Northeast
2022-06-15,759.6827091389874,"10,000,000-30,000,000",South
2022-06-15,968.4215961132865,"10,000,000-30,000,000",West
2022-06-22,651.1717585452049,"3,000,000-10,000,000",Midwest
2022-06-22,826.6768103075743,"30,000,000-100,000,000",Nationwide
2022-06-22,723.3035735832929,"10,000,000-30,000,000",Northeast
2022-06-22,826.4220435612748,"10,000,000-30,000,000",South
2022-06-22,1038.5352552157674,"10,000,000-30,000,000",West
2022-06-29,695.2989759223615,"3,000,000-10,000,000",Midwest
2022-06-29,854.0595747390753,"30,000,000-100,000,000",Nationwide
2022-06-29,870.5123017018946,"10,000,000-30,000,000",Northeast
2022-06-29,794.3849071706962,"10,000,000-30,000,000",South
2022-06-29,1026.00566601972,"10,000,000-30,000,000",West
2022-07-06,861.6655747162762,"3,000,000-10,000,000",Midwest
2022-07-06,1004.7599343791452,"30,000,000-100,000,000",Nationwide
2022-07-06,1050.3616753857748,"10,000,000-30,000,000",Northeast
2022-07-06,971.7999865903872,"10,000,000-30,000,000",South
2022-07-06,1091.8407598496954,"10,000,000-30,000,000",West
2022-07-13,1002.3872043559722,"3,000,000-10,000,000",Midwest
2022-07-13,1142.1924948640133,"30,000,000-100,000,000",Nationwide
2022-07-13,1188.9490215790822,"10,000,000-30,000,000",Northeast
2022-07-13,1182.6692856814095,"10,000,000-30,000,000",South
2022-07-13,1113.2350677320062,"10,000,000-30,000,000",West
2022-07-20,1077.4081946212384,"3,000,000-10,000,000",Midwest
2022-07-20,1142.053614602142,"30,000,000-100,000,000",Nationwide
2022-07-20,1161.1723548239488,"10,000,000-30,000,000",Northeast
2022-07-20,1196.581202450737,"10,000,000-30,000,000",South
2022-07-20,1080.3200921924808,"10,000,000-30,000,000",West
2022-07-27,947.1677860854616,"3,000,000-10,000,000",Midwest
2022-07-27,1038.990228531913,"30,000,000-100,000,000",Nationwide
2022-07-27,1118.2953645115558,"10,000,000-30,000,000",Northeast
2022-07-27,1126.3268935563592,"10,000,000-30,000,000",South
2022-07-27,891.2714118854183,"10,000,000-30,000,000",West
2022-08-03,947.4078145848816,"3,000,000-10,000,000",Midwest
2022-08-03,921.4445797309908,"30,000,000-100,000,000",Nationwide
2022-08-03,1005.0830803425266,"10,000,000-30,000,000",Northeast
2022-08-03,970.5231213258523,"10,000,000-30,000,000",South
2022-08-03,752.1930685669086,"10,000,000-30,000,000",West
2022-08-10,924.8597028927976,"3,000,000-10,000,000",Midwest
2022-08-10,794.25456241827,"30,000,000-100,000,000",Nationwide
2022-08-10,870.6718773955876,"10,000,000-30,000,000",Northeast
2022-08-10,786.1693655838981,"10,000,000-30,000,000",South
2022-08-10,651.7828009635756,"10,000,000-30,000,000",West
2022-08-17,825.1303135057343,"3,000,000-10,000,000",Midwest
2022-08-17,716.0798272103011,"30,000,000-100,000,000",Nationwide
2022-08-17,823.5970020990795,"10,000,000-30,000,000",Northeast
2022-08-17,707.9806261853661,"10,000,000-30,000,000",South
2022-08-17,551.0889455050773,"10,000,000-30,000,000",West
2022-08-24,803.2189190431767,"3,000,000-10,000,000",Midwest
2022-08-24,692.6137163861131,"30,000,000-100,000,000",Nationwide
2022-08-24,773.2466793106745,"10,000,000-30,000,000",Northeast
2022-08-24,698.3867611302085,"10,000,000-30,000,000",South
2022-08-24,536.0236462761483,"10,000,000-30,000,000",West
2022-08-31,846.047145569341,"3,000,000-10,000,000",Midwest
2022-08-31,744.6074864320653,"30,000,000-100,000,000",Nationwide
2022-08-31,817.8789062568545,"10,000,000-30,000,000",Northeast
2022-08-31,775.9006388885576,"10,000,000-30,000,000",South
2022-08-31,558.567848977586,"10,000,000-30,000,000",West
2022-09-07,834.2693348726363,"3,000,000-10,000,000",Midwest
2022-09-07,785.5072957383815,"30,000,000-100,000,000",Nationwide
2022-09-07,990.9693564537442,"10,000,000-30,000,000",Northeast
2022-09-07,757.3580399274542,"10,000,000-30,000,000",South
2022-09-07,577.9450597446938,"10,000,000-30,000,000",West
2022-09-14,733.3534040383546,"3,000,000-10,000,000",Midwest
2022-09-14,753.2042885901091,"30,000,000-100,000,000",Nationwide
2022-09-14,1028.709009322179,"10,000,000-30,000,000",Northeast
2022-09-14,646.8711680081741,"10,000,000-30,000,000",South
2022-09-14,578.9363899792046,"10,000,000-30,000,000",West
2022-09-21,527.2067860358369,"300,000-1,000,000",Midwest
2022-09-21,692.7240187011083,"10,000,000-30,000,000",Nationwide
2022-09-21,1083.4281272593914,"3,000,000-10,000,000",Northeast
2022-09-21,443.6269311813048,"3,000,000-10,000,000",South
2022-09-21,549.505705726514,"3,000,000-10,000,000",West
2022-09-28,579.4480358841561,"3,000,000-10,000,000",Midwest
2022-09-28,639.8513256197908,"30,000,000-100,000,000",Nationwide
2022-09-28,1036.5723233453884,"10,000,000-30,000,000",Northeast
2022-09-28,432.6480520038068,"10,000,000-30,000,000",South
2022-09-28,535.0105427722699,"10,000,000-30,000,000",West
2022-10-05,570.3269742011914,"3,000,000-10,000,000",Midwest
2022-10-05,612.909280299161,"30,000,000-100,000,000",Nationwide
2022-10-05,1059.3231304060275,"10,000,000-30,000,000",Northeast
2022-10-05,408.6444647703024,"10,000,000-30,000,000",South
2022-10-05,487.26325524362886,"10,000,000-30,000,000",West
2022-10-12,611.4811611237881,"3,000,000-10,000,000",Midwest
2022-10-12,650.6301009394627,"30,000,000-100,000,000",Nationwide
2022-10-12,1137.1297757993932,"10,000,000-30,000,000",Northeast
2022-10-12,439.7576776201868,"10,000,000-30,000,000",South
2022-10-12,499.3930600989986,"10,000,000-30,000,000",West
2022-10-19,665.8435190535479,"3,000,000-10,000,000",Midwest
2022-10-19,623.1974007117873,"30,000,000-100,000,000",Nationwide
2022-10-19,1031.1055915242457,"10,000,000-30,000,000",Northeast
2022-10-19,413.2065162181903,"10,000,000-30,000,000",South
2022-10-19,493.3696633586471,"10,000,000-30,000,000",West
2022-10-26,609.8990859212186,"3,000,000-10,000,000",Midwest
2022-10-26,535.9394334220126,"30,000,000-100,000,000",Nationwide
2022-10-26,762.2270716685485,"10,000,000-30,000,000",Northeast
2022-10-26,383.6392679896156,"10,000,000-30,000,000",South
2022-10-26,492.0442483502593,"10,000,000-30,000,000",West
2022-11-02,599.3355393428646,"3,000,000-10,000,000",Midwest
2022-11-02,543.7677175883297,"30,000,000-100,000,000",Nationwide
2022-11-02,750.8251673675026,"10,000,000-30,000,000",Northeast
2022-11-02,389.88941066326606,"10,000,000-30,000,000",South
2022-11-02,532.358325261367,"10,000,000-30,000,000",West
2022-11-09,623.1252759278074,"3,000,000-10,000,000",Midwest
2022-11-09,555.4645033773116,"30,000,000-100,000,000",Nationwide
2022-11-09,735.8129680533438,"10,000,000-30,000,000",Northeast
2022-11-09,390.6545525886512,"10,000,000-30,000,000",South
2022-11-09,591.3042571896016,"10,000,000-30,000,000",West
2022-11-16,624.664533933113,"3,000,000-10,000,000",Midwest
2022-11-16,610.2889681876221,"30,000,000-100,000,000",Nationwide
2022-11-16,785.1729259837936,"10,000,000-30,000,000",Northeast
2022-11-16,434.4464599150779,"10,000,000-30,000,000",South
2022-11-16,703.4757902770008,"10,000,000-30,000,000",West
2022-11-23,682.4434893650977,"3,000,000-10,000,000",Midwest
2022-11-23,722.6414206560299,"30,000,000-100,000,000",Nationwide
2022-11-23,883.5918605885364,"10,000,000-30,000,000",Northeast
2022-11-23,543.9805485947937,"10,000,000-30,000,000",South
2022-11-23,865.1450121088147,"10,000,000-30,000,000",West
2022-11-30,959.2156522232964,"3,000,000-10,000,000",Midwest
2022-11-30,909.5488868477256,"30,000,000-100,000,000",Nationwide
2022-11-30,1210.7220171114284,"10,000,000-30,000,000",Northeast
2022-11-30,703.3047754961577,"10,000,000-30,000,000",South
2022-11-30,895.0727036033195,"10,000,000-30,000,000",West
2022-12-07,1052.0761656367513,"3,000,000-10,000,000",Midwest
2022-12-07,956.203005013444,"30,000,000-100,000,000",Nationwide
2022-12-07,1318.0237651636555,"10,000,000-30,000,000",Northeast
2022-12-07,774.0232799720033,"10,000,000-30,000,000",South
2022-12-07,805.6494172427482,"10,000,000-30,000,000",West
2022-12-14,1010.4320534572056,"3,000,000-10,000,000",Midwest
2022-12-14,996.2015361337908,"30,000,000-100,000,000",Nationwide
2022-12-14,1420.5299300371971,"10,000,000-30,000,000",Northeast
2022-12-14,845.8028887314366,"10,000,000-30,000,000",South
2022-12-14,737.374379908489,"10,000,000-30,000,000",West
2022-12-21,1025.486349212778,"3,000,000-10,000,000",Midwest
2022-12-21,1085.634689832498,"30,000,000-100,000,000",Nationwide
2022-12-21,1671.2844038799449,"10,000,000-30,000,000",Northeast
2022-12-21,919.072149403504,"10,000,000-30,000,000",South
2022-12-21,648.700525834663,"10,000,000-30,000,000",West
2022-12-28,987.3100635212136,"3,000,000-10,000,000",Midwest
2022-12-28,1159.586973422855,"30,000,000-100,000,000",Nationwide
2022-12-28,1798.913756680107,"10,000,000-30,000,000",Northeast
2022-12-28,1058.8639141144083,"10,000,000-30,000,000",South
2022-12-28,644.8945639503369,"10,000,000-30,000,000",West
2023-01-04,747.1957017975616,"3,000,000-10,000,000",Midwest
2023-01-04,1058.74415426437,"30,000,000-100,000,000",Nationwide
2023-01-04,1634.5604354816269,"10,000,000-30,000,000",Northeast
2023-01-04,1043.5493560553466,"10,000,000-30,000,000",South
2023-01-04,607.3317556057699,"10,000,000-30,000,000",West
2023-01-11,605.3923679190453,"3,000,000-10,000,000",Midwest
2023-01-11,827.7362906769508,"30,000,000-100,000,000",Nationwide
2023-01-11,1253.1856648559,"10,000,000-30,000,000",Northeast
2023-01-11,812.2794135145631,"10,000,000-30,000,000",South
2023-01-11,508.3400813420526,"10,000,000-30,000,000",West
2023-01-18,601.3282443598158,"3,000,000-10,000,000",Midwest
2023-01-18,759.2548573191675,"30,000,000-100,000,000",Nationwide
2023-01-18,1105.1048156151423,"10,000,000-30,000,000",Northeast
2023-01-18,741.5046646932548,"10,000,000-30,000,000",South
2023-01-18,490.93082375478406,"10,000,000-30,000,000",West
2023-01-25,611.6384090401835,"3,000,000-10,000,000",Midwest
2023-01-25,719.654544727292,"30,000,000-100,000,000",Nationwide
2023-01-25,957.5583770986874,"10,000,000-30,000,000",Northeast
2023-01-25,713.1030831955705,"10,000,000-30,000,000",South
2023-01-25,522.7044272073667,"10,000,000-30,000,000",West
2023-02-01,637.568748739783,"3,000,000-10,000,000",Midwest
2023-02-01,686.3223317546795,"30,000,000-100,000,000",Nationwide
2023-02-01,874.4082748925113,"10,000,000-30,000,000",Northeast
2023-02-01,674.8886056992134,"10,000,000-30,000,000",South
2023-02-01,515.0730365175162,"10,000,000-30,000,000",West
2023-02-08,733.7012659159853,"3,000,000-10,000,000",Midwest
2023-02-08,666.0192577722253,"30,000,000-100,000,000",Nationwide
2023-02-08,778.007115333352,"10,000,000-30,000,000",Northeast
2023-02-08,631.6350255363528,"10,000,000-30,000,000",South
2023-02-08,551.6832365523558,"10,000,000-30,000,000",West
2023-02-15,687.1098538670282,"3,000,000-10,000,000",Midwest
2023-02-15,622.3604572437291,"30,000,000-100,000,000",Nationwide
2023-02-15,714.1757914766794,"10,000,000-30,000,000",Northeast
2023-02-15,565.6059575959346,"10,000,000-30,000,000",South
2023-02-15,569.4359301660235,"10,000,000-30,000,000",West
2023-02-22,668.4948503157084,"3,000,000-10,000,000",Midwest
2023-02-22,555.540919614002,"30,000,000-100,000,000",Nationwide
2023-02-22,607.1093224419321,"10,000,000-30,000,000",Northeast
2023-02-22,500.82903130277344,"10,000,000-30,000,000",South
2023-02-22,514.4784500833551,"10,000,000-30,000,000",West
